,Enemy training group,Algorithm,Run,Repetition,Enemy,Energy enemy,Enegy player
0,1,Roulette,1,1,1,80.0,0
1,1,Roulette,1,2,1,80.0,0
2,1,Roulette,1,3,1,80.0,0
3,1,Roulette,1,4,1,80.0,0
4,1,Roulette,1,5,1,80.0,0
5,1,Roulette,1,1,2,0,8
6,1,Roulette,1,2,2,0,8
7,1,Roulette,1,3,2,0,8
8,1,Roulette,1,4,2,0,8
9,1,Roulette,1,5,2,0,8
10,1,Roulette,1,1,3,70.0,0
11,1,Roulette,1,2,3,70.0,0
12,1,Roulette,1,3,3,70.0,0
13,1,Roulette,1,4,3,70.0,0
14,1,Roulette,1,5,3,70.0,0
15,1,Roulette,1,1,4,60.0,0
16,1,Roulette,1,2,4,60.0,0
17,1,Roulette,1,3,4,60.0,0
18,1,Roulette,1,4,4,60.0,0
19,1,Roulette,1,5,4,60.0,0
20,1,Roulette,1,1,5,50.0,0
21,1,Roulette,1,2,5,70.0,0
22,1,Roulette,1,3,5,70.0,0
23,1,Roulette,1,4,5,50.0,0
24,1,Roulette,1,5,5,70.0,0
25,1,Roulette,1,1,6,80.0,0
26,1,Roulette,1,2,6,80.0,0
27,1,Roulette,1,3,6,80.0,0
28,1,Roulette,1,4,6,80.0,0
29,1,Roulette,1,5,6,80.0,0
30,1,Roulette,1,1,7,0,9.400000000000231
31,1,Roulette,1,2,7,0,9.400000000000231
32,1,Roulette,1,3,7,0,9.400000000000231
33,1,Roulette,1,4,7,0,9.400000000000231
34,1,Roulette,1,5,7,0,9.400000000000231
35,1,Roulette,1,1,8,0,22.600000000000243
36,1,Roulette,1,2,8,0,22.600000000000243
37,1,Roulette,1,3,8,0,22.600000000000243
38,1,Roulette,1,4,8,0,22.600000000000243
39,1,Roulette,1,5,8,0,22.600000000000243
40,1,Roulette,2,1,1,100,0
41,1,Roulette,2,2,1,100,0
42,1,Roulette,2,3,1,100,0
43,1,Roulette,2,4,1,100,0
44,1,Roulette,2,5,1,100,0
45,1,Roulette,2,1,2,0,76
46,1,Roulette,2,2,2,0,76
47,1,Roulette,2,3,2,0,76
48,1,Roulette,2,4,2,0,76
49,1,Roulette,2,5,2,0,76
50,1,Roulette,2,1,3,90.0,0
51,1,Roulette,2,2,3,90.0,0
52,1,Roulette,2,3,3,90.0,0
53,1,Roulette,2,4,3,90.0,0
54,1,Roulette,2,5,3,90.0,0
55,1,Roulette,2,1,4,80.0,0
56,1,Roulette,2,2,4,80.0,0
57,1,Roulette,2,3,4,80.0,0
58,1,Roulette,2,4,4,80.0,0
59,1,Roulette,2,5,4,80.0,0
60,1,Roulette,2,1,5,60.0,0
61,1,Roulette,2,2,5,60.0,0
62,1,Roulette,2,3,5,60.0,0
63,1,Roulette,2,4,5,60.0,0
64,1,Roulette,2,5,5,50.0,0
65,1,Roulette,2,1,6,100,0
66,1,Roulette,2,2,6,100,0
67,1,Roulette,2,3,6,100,0
68,1,Roulette,2,4,6,100,0
69,1,Roulette,2,5,6,100,0
70,1,Roulette,2,1,7,10.0,0
71,1,Roulette,2,2,7,10.0,0
72,1,Roulette,2,3,7,10.0,0
73,1,Roulette,2,4,7,10.0,0
74,1,Roulette,2,5,7,10.0,0
75,1,Roulette,2,1,8,0,21.40000000000024
76,1,Roulette,2,2,8,0,21.40000000000024
77,1,Roulette,2,3,8,0,21.40000000000024
78,1,Roulette,2,4,8,0,21.40000000000024
79,1,Roulette,2,5,8,0,21.40000000000024
80,1,Roulette,3,1,1,100,0
81,1,Roulette,3,2,1,100,0
82,1,Roulette,3,3,1,100,0
83,1,Roulette,3,4,1,100,0
84,1,Roulette,3,5,1,100,0
85,1,Roulette,3,1,2,0,48
86,1,Roulette,3,2,2,0,48
87,1,Roulette,3,3,2,0,48
88,1,Roulette,3,4,2,0,48
89,1,Roulette,3,5,2,0,48
90,1,Roulette,3,1,3,90.0,0
91,1,Roulette,3,2,3,90.0,0
92,1,Roulette,3,3,3,90.0,0
93,1,Roulette,3,4,3,90.0,0
94,1,Roulette,3,5,3,90.0,0
95,1,Roulette,3,1,4,80.0,0
96,1,Roulette,3,2,4,80.0,0
97,1,Roulette,3,3,4,80.0,0
98,1,Roulette,3,4,4,80.0,0
99,1,Roulette,3,5,4,80.0,0
100,1,Roulette,3,1,5,90.0,0
101,1,Roulette,3,2,5,90.0,0
102,1,Roulette,3,3,5,90.0,0
103,1,Roulette,3,4,5,90.0,0
104,1,Roulette,3,5,5,90.0,0
105,1,Roulette,3,1,6,100,0
106,1,Roulette,3,2,6,100,0
107,1,Roulette,3,3,6,100,0
108,1,Roulette,3,4,6,100,0
109,1,Roulette,3,5,6,100,0
110,1,Roulette,3,1,7,0,13.00000000000023
111,1,Roulette,3,2,7,0,13.00000000000023
112,1,Roulette,3,3,7,0,13.00000000000023
113,1,Roulette,3,4,7,0,13.00000000000023
114,1,Roulette,3,5,7,0,13.00000000000023
115,1,Roulette,3,1,8,0,21.40000000000024
116,1,Roulette,3,2,8,0,21.40000000000024
117,1,Roulette,3,3,8,0,21.40000000000024
118,1,Roulette,3,4,8,0,21.40000000000024
119,1,Roulette,3,5,8,0,21.40000000000024
120,1,Roulette,4,1,1,80.0,0
121,1,Roulette,4,2,1,80.0,0
122,1,Roulette,4,3,1,80.0,0
123,1,Roulette,4,4,1,80.0,0
124,1,Roulette,4,5,1,80.0,0
125,1,Roulette,4,1,2,20.0,0
126,1,Roulette,4,2,2,20.0,0
127,1,Roulette,4,3,2,20.0,0
128,1,Roulette,4,4,2,20.0,0
129,1,Roulette,4,5,2,20.0,0
130,1,Roulette,4,1,3,70.0,0
131,1,Roulette,4,2,3,70.0,0
132,1,Roulette,4,3,3,70.0,0
133,1,Roulette,4,4,3,70.0,0
134,1,Roulette,4,5,3,70.0,0
135,1,Roulette,4,1,4,80.0,0
136,1,Roulette,4,2,4,80.0,0
137,1,Roulette,4,3,4,80.0,0
138,1,Roulette,4,4,4,80.0,0
139,1,Roulette,4,5,4,80.0,0
140,1,Roulette,4,1,5,0,37.60000000000028
141,1,Roulette,4,2,5,0,25.00000000000025
142,1,Roulette,4,3,5,0,46.0000000000003
143,1,Roulette,4,4,5,0,47.8000000000003
144,1,Roulette,4,5,5,0,41.20000000000029
145,1,Roulette,4,1,6,90.0,0
146,1,Roulette,4,2,6,90.0,0
147,1,Roulette,4,3,6,90.0,0
148,1,Roulette,4,4,6,90.0,0
149,1,Roulette,4,5,6,90.0,0
150,1,Roulette,4,1,7,0,48.400000000000304
151,1,Roulette,4,2,7,0,48.400000000000304
152,1,Roulette,4,3,7,0,48.400000000000304
153,1,Roulette,4,4,7,0,48.400000000000304
154,1,Roulette,4,5,7,0,48.400000000000304
155,1,Roulette,4,1,8,0,43.60000000000029
156,1,Roulette,4,2,8,0,43.60000000000029
157,1,Roulette,4,3,8,0,43.60000000000029
158,1,Roulette,4,4,8,0,43.60000000000029
159,1,Roulette,4,5,8,0,43.60000000000029
160,1,Roulette,5,1,1,80.0,0
161,1,Roulette,5,2,1,80.0,0
162,1,Roulette,5,3,1,80.0,0
163,1,Roulette,5,4,1,80.0,0
164,1,Roulette,5,5,1,80.0,0
165,1,Roulette,5,1,2,0,28
166,1,Roulette,5,2,2,0,28
167,1,Roulette,5,3,2,0,28
168,1,Roulette,5,4,2,0,28
169,1,Roulette,5,5,2,0,28
170,1,Roulette,5,1,3,90.0,0
171,1,Roulette,5,2,3,90.0,0
172,1,Roulette,5,3,3,90.0,0
173,1,Roulette,5,4,3,90.0,0
174,1,Roulette,5,5,3,90.0,0
175,1,Roulette,5,1,4,80.0,0
176,1,Roulette,5,2,4,80.0,0
177,1,Roulette,5,3,4,80.0,0
178,1,Roulette,5,4,4,80.0,0
179,1,Roulette,5,5,4,80.0,0
180,1,Roulette,5,1,5,0,35.800000000000274
181,1,Roulette,5,2,5,0,59.80000000000033
182,1,Roulette,5,3,5,0,35.800000000000274
183,1,Roulette,5,4,5,30.0,0
184,1,Roulette,5,5,5,0,11.80000000000023
185,1,Roulette,5,1,6,90.0,0
186,1,Roulette,5,2,6,90.0,0
187,1,Roulette,5,3,6,90.0,0
188,1,Roulette,5,4,6,90.0,0
189,1,Roulette,5,5,6,90.0,0
190,1,Roulette,5,1,7,0,23.800000000000246
191,1,Roulette,5,2,7,0,23.800000000000246
192,1,Roulette,5,3,7,0,23.800000000000246
193,1,Roulette,5,4,7,0,23.800000000000246
194,1,Roulette,5,5,7,0,23.800000000000246
195,1,Roulette,5,1,8,0,45.4000000000003
196,1,Roulette,5,2,8,0,45.4000000000003
197,1,Roulette,5,3,8,0,45.4000000000003
198,1,Roulette,5,4,8,0,45.4000000000003
199,1,Roulette,5,5,8,0,45.4000000000003
200,1,Roulette,6,1,1,80.0,0
201,1,Roulette,6,2,1,80.0,0
202,1,Roulette,6,3,1,80.0,0
203,1,Roulette,6,4,1,80.0,0
204,1,Roulette,6,5,1,80.0,0
205,1,Roulette,6,1,2,0,8
206,1,Roulette,6,2,2,0,8
207,1,Roulette,6,3,2,0,8
208,1,Roulette,6,4,2,0,8
209,1,Roulette,6,5,2,0,8
210,1,Roulette,6,1,3,90.0,0
211,1,Roulette,6,2,3,90.0,0
212,1,Roulette,6,3,3,90.0,0
213,1,Roulette,6,4,3,90.0,0
214,1,Roulette,6,5,3,90.0,0
215,1,Roulette,6,1,4,80.0,0
216,1,Roulette,6,2,4,80.0,0
217,1,Roulette,6,3,4,80.0,0
218,1,Roulette,6,4,4,80.0,0
219,1,Roulette,6,5,4,80.0,0
220,1,Roulette,6,1,5,70.0,88.60000000000011
221,1,Roulette,6,2,5,80.0,89.8000000000001
222,1,Roulette,6,3,5,80.0,89.8000000000001
223,1,Roulette,6,4,5,80.0,89.2000000000001
224,1,Roulette,6,5,5,80.0,89.2000000000001
225,1,Roulette,6,1,6,100,0
226,1,Roulette,6,2,6,100,0
227,1,Roulette,6,3,6,100,0
228,1,Roulette,6,4,6,100,0
229,1,Roulette,6,5,6,100,0
230,1,Roulette,6,1,7,0,11.20000000000023
231,1,Roulette,6,2,7,0,11.20000000000023
232,1,Roulette,6,3,7,0,11.20000000000023
233,1,Roulette,6,4,7,0,11.20000000000023
234,1,Roulette,6,5,7,0,11.20000000000023
235,1,Roulette,6,1,8,0,45.4000000000003
236,1,Roulette,6,2,8,0,45.4000000000003
237,1,Roulette,6,3,8,0,45.4000000000003
238,1,Roulette,6,4,8,0,45.4000000000003
239,1,Roulette,6,5,8,0,45.4000000000003
240,1,Roulette,7,1,1,80.0,0
241,1,Roulette,7,2,1,80.0,0
242,1,Roulette,7,3,1,80.0,0
243,1,Roulette,7,4,1,80.0,0
244,1,Roulette,7,5,1,80.0,0
245,1,Roulette,7,1,2,0,32
246,1,Roulette,7,2,2,0,32
247,1,Roulette,7,3,2,0,32
248,1,Roulette,7,4,2,0,32
249,1,Roulette,7,5,2,0,32
250,1,Roulette,7,1,3,70.0,0
251,1,Roulette,7,2,3,70.0,0
252,1,Roulette,7,3,3,70.0,0
253,1,Roulette,7,4,3,70.0,0
254,1,Roulette,7,5,3,70.0,0
255,1,Roulette,7,1,4,70.0,0
256,1,Roulette,7,2,4,70.0,0
257,1,Roulette,7,3,4,70.0,0
258,1,Roulette,7,4,4,70.0,0
259,1,Roulette,7,5,4,70.0,0
260,1,Roulette,7,1,5,0,59.80000000000033
261,1,Roulette,7,2,5,0,59.80000000000033
262,1,Roulette,7,3,5,0,59.80000000000033
263,1,Roulette,7,4,5,0,60.40000000000033
264,1,Roulette,7,5,5,0,61.000000000000334
265,1,Roulette,7,1,6,100,0
266,1,Roulette,7,2,6,100,0
267,1,Roulette,7,3,6,100,0
268,1,Roulette,7,4,6,100,0
269,1,Roulette,7,5,6,100,0
270,1,Roulette,7,1,7,0,56.800000000000324
271,1,Roulette,7,2,7,0,56.800000000000324
272,1,Roulette,7,3,7,0,56.800000000000324
273,1,Roulette,7,4,7,0,56.800000000000324
274,1,Roulette,7,5,7,0,56.800000000000324
275,1,Roulette,7,1,8,0,48.400000000000304
276,1,Roulette,7,2,8,0,48.400000000000304
277,1,Roulette,7,3,8,0,48.400000000000304
278,1,Roulette,7,4,8,0,48.400000000000304
279,1,Roulette,7,5,8,0,48.400000000000304
280,1,Roulette,8,1,1,100,0
281,1,Roulette,8,2,1,100,0
282,1,Roulette,8,3,1,100,0
283,1,Roulette,8,4,1,100,0
284,1,Roulette,8,5,1,100,0
285,1,Roulette,8,1,2,0,30
286,1,Roulette,8,2,2,0,30
287,1,Roulette,8,3,2,0,30
288,1,Roulette,8,4,2,0,30
289,1,Roulette,8,5,2,0,30
290,1,Roulette,8,1,3,80.0,0
291,1,Roulette,8,2,3,80.0,0
292,1,Roulette,8,3,3,80.0,0
293,1,Roulette,8,4,3,80.0,0
294,1,Roulette,8,5,3,80.0,0
295,1,Roulette,8,1,4,90.0,0
296,1,Roulette,8,2,4,90.0,0
297,1,Roulette,8,3,4,90.0,0
298,1,Roulette,8,4,4,90.0,0
299,1,Roulette,8,5,4,90.0,0
300,1,Roulette,8,1,5,90.0,0
301,1,Roulette,8,2,5,90.0,0
302,1,Roulette,8,3,5,90.0,0
303,1,Roulette,8,4,5,90.0,0
304,1,Roulette,8,5,5,90.0,0
305,1,Roulette,8,1,6,100,0
306,1,Roulette,8,2,6,100,0
307,1,Roulette,8,3,6,100,0
308,1,Roulette,8,4,6,100,0
309,1,Roulette,8,5,6,100,0
310,1,Roulette,8,1,7,0,7.600000000000232
311,1,Roulette,8,2,7,0,7.600000000000232
312,1,Roulette,8,3,7,0,7.600000000000232
313,1,Roulette,8,4,7,0,7.600000000000232
314,1,Roulette,8,5,7,0,7.600000000000232
315,1,Roulette,8,1,8,0,19.600000000000236
316,1,Roulette,8,2,8,0,19.600000000000236
317,1,Roulette,8,3,8,0,19.600000000000236
318,1,Roulette,8,4,8,0,19.600000000000236
319,1,Roulette,8,5,8,0,19.600000000000236
320,1,Roulette,9,1,1,80.0,0
321,1,Roulette,9,2,1,80.0,0
322,1,Roulette,9,3,1,80.0,0
323,1,Roulette,9,4,1,80.0,0
324,1,Roulette,9,5,1,80.0,0
325,1,Roulette,9,1,2,0,8
326,1,Roulette,9,2,2,0,8
327,1,Roulette,9,3,2,0,8
328,1,Roulette,9,4,2,0,8
329,1,Roulette,9,5,2,0,8
330,1,Roulette,9,1,3,90.0,0
331,1,Roulette,9,2,3,90.0,0
332,1,Roulette,9,3,3,90.0,0
333,1,Roulette,9,4,3,90.0,0
334,1,Roulette,9,5,3,90.0,0
335,1,Roulette,9,1,4,80.0,0
336,1,Roulette,9,2,4,80.0,0
337,1,Roulette,9,3,4,80.0,0
338,1,Roulette,9,4,4,80.0,0
339,1,Roulette,9,5,4,80.0,0
340,1,Roulette,9,1,5,80.0,89.2000000000001
341,1,Roulette,9,2,5,80.0,89.2000000000001
342,1,Roulette,9,3,5,80.0,89.2000000000001
343,1,Roulette,9,4,5,80.0,89.2000000000001
344,1,Roulette,9,5,5,80.0,89.2000000000001
345,1,Roulette,9,1,6,100,0
346,1,Roulette,9,2,6,100,0
347,1,Roulette,9,3,6,100,0
348,1,Roulette,9,4,6,100,0
349,1,Roulette,9,5,6,100,0
350,1,Roulette,9,1,7,10.0,0
351,1,Roulette,9,2,7,10.0,0
352,1,Roulette,9,3,7,10.0,0
353,1,Roulette,9,4,7,10.0,0
354,1,Roulette,9,5,7,10.0,0
355,1,Roulette,9,1,8,0,47.8000000000003
356,1,Roulette,9,2,8,0,47.8000000000003
357,1,Roulette,9,3,8,0,47.8000000000003
358,1,Roulette,9,4,8,0,47.8000000000003
359,1,Roulette,9,5,8,0,47.8000000000003
360,1,Roulette,10,1,1,80.0,0
361,1,Roulette,10,2,1,80.0,0
362,1,Roulette,10,3,1,80.0,0
363,1,Roulette,10,4,1,80.0,0
364,1,Roulette,10,5,1,80.0,0
365,1,Roulette,10,1,2,0,8
366,1,Roulette,10,2,2,0,8
367,1,Roulette,10,3,2,0,8
368,1,Roulette,10,4,2,0,8
369,1,Roulette,10,5,2,0,8
370,1,Roulette,10,1,3,80.0,0
371,1,Roulette,10,2,3,80.0,0
372,1,Roulette,10,3,3,80.0,0
373,1,Roulette,10,4,3,80.0,0
374,1,Roulette,10,5,3,80.0,0
375,1,Roulette,10,1,4,80.0,0
376,1,Roulette,10,2,4,80.0,0
377,1,Roulette,10,3,4,80.0,0
378,1,Roulette,10,4,4,80.0,0
379,1,Roulette,10,5,4,80.0,0
380,1,Roulette,10,1,5,70.0,0
381,1,Roulette,10,2,5,70.0,0
382,1,Roulette,10,3,5,70.0,0
383,1,Roulette,10,4,5,60.0,0
384,1,Roulette,10,5,5,70.0,0
385,1,Roulette,10,1,6,90.0,0
386,1,Roulette,10,2,6,90.0,0
387,1,Roulette,10,3,6,90.0,0
388,1,Roulette,10,4,6,90.0,0
389,1,Roulette,10,5,6,90.0,0
390,1,Roulette,10,1,7,0,4.0000000000002345
391,1,Roulette,10,2,7,0,4.0000000000002345
392,1,Roulette,10,3,7,0,4.0000000000002345
393,1,Roulette,10,4,7,0,4.0000000000002345
394,1,Roulette,10,5,7,0,4.0000000000002345
395,1,Roulette,10,1,8,0,22.600000000000243
396,1,Roulette,10,2,8,0,22.600000000000243
397,1,Roulette,10,3,8,0,22.600000000000243
398,1,Roulette,10,4,8,0,22.600000000000243
399,1,Roulette,10,5,8,0,22.600000000000243
400,2,Roulette,1,1,1,80.0,0
401,2,Roulette,1,2,1,80.0,0
402,2,Roulette,1,3,1,80.0,0
403,2,Roulette,1,4,1,80.0,0
404,2,Roulette,1,5,1,80.0,0
405,2,Roulette,1,1,2,0,4
406,2,Roulette,1,2,2,0,4
407,2,Roulette,1,3,2,0,4
408,2,Roulette,1,4,2,0,4
409,2,Roulette,1,5,2,0,4
410,2,Roulette,1,1,3,70.0,0
411,2,Roulette,1,2,3,70.0,0
412,2,Roulette,1,3,3,70.0,0
413,2,Roulette,1,4,3,70.0,0
414,2,Roulette,1,5,3,70.0,0
415,2,Roulette,1,1,4,90.0,0
416,2,Roulette,1,2,4,90.0,0
417,2,Roulette,1,3,4,90.0,0
418,2,Roulette,1,4,4,90.0,0
419,2,Roulette,1,5,4,90.0,0
420,2,Roulette,1,1,5,0,13.600000000000229
421,2,Roulette,1,2,5,0,29.20000000000026
422,2,Roulette,1,3,5,0,39.40000000000028
423,2,Roulette,1,4,5,0,18.400000000000233
424,2,Roulette,1,5,5,0,21.40000000000024
425,2,Roulette,1,1,6,20.0,0
426,2,Roulette,1,2,6,20.0,0
427,2,Roulette,1,3,6,20.0,0
428,2,Roulette,1,4,6,20.0,0
429,2,Roulette,1,5,6,20.0,0
430,2,Roulette,1,1,7,20.0,0
431,2,Roulette,1,2,7,20.0,0
432,2,Roulette,1,3,7,20.0,0
433,2,Roulette,1,4,7,20.0,0
434,2,Roulette,1,5,7,20.0,0
435,2,Roulette,1,1,8,80.0,0
436,2,Roulette,1,2,8,80.0,0
437,2,Roulette,1,3,8,80.0,0
438,2,Roulette,1,4,8,80.0,0
439,2,Roulette,1,5,8,80.0,0
440,2,Roulette,2,1,1,70.0,0
441,2,Roulette,2,2,1,70.0,0
442,2,Roulette,2,3,1,70.0,0
443,2,Roulette,2,4,1,70.0,0
444,2,Roulette,2,5,1,70.0,0
445,2,Roulette,2,1,2,0,74
446,2,Roulette,2,2,2,0,74
447,2,Roulette,2,3,2,0,74
448,2,Roulette,2,4,2,0,74
449,2,Roulette,2,5,2,0,74
450,2,Roulette,2,1,3,50.0,0
451,2,Roulette,2,2,3,50.0,0
452,2,Roulette,2,3,3,50.0,0
453,2,Roulette,2,4,3,50.0,0
454,2,Roulette,2,5,3,50.0,0
455,2,Roulette,2,1,4,70.0,0
456,2,Roulette,2,2,4,70.0,0
457,2,Roulette,2,3,4,70.0,0
458,2,Roulette,2,4,4,70.0,0
459,2,Roulette,2,5,4,70.0,0
460,2,Roulette,2,1,5,0,36.400000000000276
461,2,Roulette,2,2,5,0,40.600000000000286
462,2,Roulette,2,3,5,0,35.800000000000274
463,2,Roulette,2,4,5,0,38.20000000000028
464,2,Roulette,2,5,5,0,32.200000000000266
465,2,Roulette,2,1,6,40.0,0
466,2,Roulette,2,2,6,40.0,0
467,2,Roulette,2,3,6,40.0,0
468,2,Roulette,2,4,6,40.0,0
469,2,Roulette,2,5,6,40.0,0
470,2,Roulette,2,1,7,20.0,0
471,2,Roulette,2,2,7,20.0,0
472,2,Roulette,2,3,7,20.0,0
473,2,Roulette,2,4,7,20.0,0
474,2,Roulette,2,5,7,20.0,0
475,2,Roulette,2,1,8,30.0,0
476,2,Roulette,2,2,8,30.0,0
477,2,Roulette,2,3,8,30.0,0
478,2,Roulette,2,4,8,30.0,0
479,2,Roulette,2,5,8,30.0,0
480,2,Roulette,3,1,1,100,0
481,2,Roulette,3,2,1,100,0
482,2,Roulette,3,3,1,100,0
483,2,Roulette,3,4,1,100,0
484,2,Roulette,3,5,1,100,0
485,2,Roulette,3,1,2,0,42
486,2,Roulette,3,2,2,0,42
487,2,Roulette,3,3,2,0,42
488,2,Roulette,3,4,2,0,42
489,2,Roulette,3,5,2,0,42
490,2,Roulette,3,1,3,70.0,0
491,2,Roulette,3,2,3,70.0,0
492,2,Roulette,3,3,3,70.0,0
493,2,Roulette,3,4,3,70.0,0
494,2,Roulette,3,5,3,70.0,0
495,2,Roulette,3,1,4,70.0,0
496,2,Roulette,3,2,4,70.0,0
497,2,Roulette,3,3,4,70.0,0
498,2,Roulette,3,4,4,70.0,0
499,2,Roulette,3,5,4,70.0,0
500,2,Roulette,3,1,5,60.0,0
501,2,Roulette,3,2,5,0,28.600000000000257
502,2,Roulette,3,3,5,0,14.800000000000228
503,2,Roulette,3,4,5,60.0,0
504,2,Roulette,3,5,5,0,18.400000000000233
505,2,Roulette,3,1,6,60.0,0
506,2,Roulette,3,2,6,60.0,0
507,2,Roulette,3,3,6,60.0,0
508,2,Roulette,3,4,6,60.0,0
509,2,Roulette,3,5,6,60.0,0
510,2,Roulette,3,1,7,20.0,0
511,2,Roulette,3,2,7,20.0,0
512,2,Roulette,3,3,7,20.0,0
513,2,Roulette,3,4,7,20.0,0
514,2,Roulette,3,5,7,20.0,0
515,2,Roulette,3,1,8,0,21.40000000000024
516,2,Roulette,3,2,8,0,21.40000000000024
517,2,Roulette,3,3,8,0,21.40000000000024
518,2,Roulette,3,4,8,0,21.40000000000024
519,2,Roulette,3,5,8,0,21.40000000000024
520,2,Roulette,4,1,1,100,0
521,2,Roulette,4,2,1,100,0
522,2,Roulette,4,3,1,100,0
523,2,Roulette,4,4,1,100,0
524,2,Roulette,4,5,1,100,0
525,2,Roulette,4,1,2,0,66
526,2,Roulette,4,2,2,0,66
527,2,Roulette,4,3,2,0,66
528,2,Roulette,4,4,2,0,66
529,2,Roulette,4,5,2,0,66
530,2,Roulette,4,1,3,100,0
531,2,Roulette,4,2,3,100,0
532,2,Roulette,4,3,3,100,0
533,2,Roulette,4,4,3,100,0
534,2,Roulette,4,5,3,100,0
535,2,Roulette,4,1,4,90.0,0
536,2,Roulette,4,2,4,90.0,0
537,2,Roulette,4,3,4,90.0,0
538,2,Roulette,4,4,4,90.0,0
539,2,Roulette,4,5,4,90.0,0
540,2,Roulette,4,1,5,10.0,0
541,2,Roulette,4,2,5,0,27.400000000000254
542,2,Roulette,4,3,5,0,25.60000000000025
543,2,Roulette,4,4,5,0,28.600000000000257
544,2,Roulette,4,5,5,0,14.800000000000228
545,2,Roulette,4,1,6,20.0,0
546,2,Roulette,4,2,6,20.0,0
547,2,Roulette,4,3,6,20.0,0
548,2,Roulette,4,4,6,20.0,0
549,2,Roulette,4,5,6,20.0,0
550,2,Roulette,4,1,7,50.0,0
551,2,Roulette,4,2,7,50.0,0
552,2,Roulette,4,3,7,50.0,0
553,2,Roulette,4,4,7,50.0,0
554,2,Roulette,4,5,7,50.0,0
555,2,Roulette,4,1,8,80.0,0
556,2,Roulette,4,2,8,80.0,0
557,2,Roulette,4,3,8,80.0,0
558,2,Roulette,4,4,8,80.0,0
559,2,Roulette,4,5,8,80.0,0
560,2,Roulette,5,1,1,80.0,0
561,2,Roulette,5,2,1,80.0,0
562,2,Roulette,5,3,1,80.0,0
563,2,Roulette,5,4,1,80.0,0
564,2,Roulette,5,5,1,80.0,0
565,2,Roulette,5,1,2,0,58
566,2,Roulette,5,2,2,0,58
567,2,Roulette,5,3,2,0,58
568,2,Roulette,5,4,2,0,58
569,2,Roulette,5,5,2,0,58
570,2,Roulette,5,1,3,70.0,0
571,2,Roulette,5,2,3,70.0,0
572,2,Roulette,5,3,3,70.0,0
573,2,Roulette,5,4,3,70.0,0
574,2,Roulette,5,5,3,70.0,0
575,2,Roulette,5,1,4,60.0,0
576,2,Roulette,5,2,4,60.0,0
577,2,Roulette,5,3,4,60.0,0
578,2,Roulette,5,4,4,60.0,0
579,2,Roulette,5,5,4,60.0,0
580,2,Roulette,5,1,5,0,55.00000000000032
581,2,Roulette,5,2,5,0,56.800000000000324
582,2,Roulette,5,3,5,0,31.600000000000264
583,2,Roulette,5,4,5,0,42.40000000000029
584,2,Roulette,5,5,5,0,55.00000000000032
585,2,Roulette,5,1,6,40.0,0
586,2,Roulette,5,2,6,40.0,0
587,2,Roulette,5,3,6,40.0,0
588,2,Roulette,5,4,6,40.0,0
589,2,Roulette,5,5,6,40.0,0
590,2,Roulette,5,1,7,20.0,0
591,2,Roulette,5,2,7,20.0,0
592,2,Roulette,5,3,7,20.0,0
593,2,Roulette,5,4,7,20.0,0
594,2,Roulette,5,5,7,20.0,0
595,2,Roulette,5,1,8,0,25.00000000000025
596,2,Roulette,5,2,8,0,25.00000000000025
597,2,Roulette,5,3,8,0,25.00000000000025
598,2,Roulette,5,4,8,0,25.00000000000025
599,2,Roulette,5,5,8,0,25.00000000000025
600,2,Roulette,6,1,1,70.0,0
601,2,Roulette,6,2,1,70.0,0
602,2,Roulette,6,3,1,70.0,0
603,2,Roulette,6,4,1,70.0,0
604,2,Roulette,6,5,1,70.0,0
605,2,Roulette,6,1,2,0,74
606,2,Roulette,6,2,2,0,74
607,2,Roulette,6,3,2,0,74
608,2,Roulette,6,4,2,0,74
609,2,Roulette,6,5,2,0,74
610,2,Roulette,6,1,3,50.0,0
611,2,Roulette,6,2,3,50.0,0
612,2,Roulette,6,3,3,50.0,0
613,2,Roulette,6,4,3,50.0,0
614,2,Roulette,6,5,3,50.0,0
615,2,Roulette,6,1,4,70.0,0
616,2,Roulette,6,2,4,70.0,0
617,2,Roulette,6,3,4,70.0,0
618,2,Roulette,6,4,4,70.0,0
619,2,Roulette,6,5,4,70.0,0
620,2,Roulette,6,1,5,0,52.00000000000031
621,2,Roulette,6,2,5,0,50.80000000000031
622,2,Roulette,6,3,5,0,55.00000000000032
623,2,Roulette,6,4,5,0,53.200000000000315
624,2,Roulette,6,5,5,0,52.600000000000314
625,2,Roulette,6,1,6,40.0,0
626,2,Roulette,6,2,6,40.0,0
627,2,Roulette,6,3,6,40.0,0
628,2,Roulette,6,4,6,40.0,0
629,2,Roulette,6,5,6,40.0,0
630,2,Roulette,6,1,7,20.0,0
631,2,Roulette,6,2,7,20.0,0
632,2,Roulette,6,3,7,20.0,0
633,2,Roulette,6,4,7,20.0,0
634,2,Roulette,6,5,7,20.0,0
635,2,Roulette,6,1,8,30.0,0
636,2,Roulette,6,2,8,30.0,0
637,2,Roulette,6,3,8,30.0,0
638,2,Roulette,6,4,8,30.0,0
639,2,Roulette,6,5,8,30.0,0
640,2,Roulette,7,1,1,100,0
641,2,Roulette,7,2,1,100,0
642,2,Roulette,7,3,1,100,0
643,2,Roulette,7,4,1,100,0
644,2,Roulette,7,5,1,100,0
645,2,Roulette,7,1,2,20.0,0
646,2,Roulette,7,2,2,20.0,0
647,2,Roulette,7,3,2,20.0,0
648,2,Roulette,7,4,2,20.0,0
649,2,Roulette,7,5,2,20.0,0
650,2,Roulette,7,1,3,80.0,0
651,2,Roulette,7,2,3,80.0,0
652,2,Roulette,7,3,3,80.0,0
653,2,Roulette,7,4,3,80.0,0
654,2,Roulette,7,5,3,80.0,0
655,2,Roulette,7,1,4,60.0,0
656,2,Roulette,7,2,4,60.0,0
657,2,Roulette,7,3,4,60.0,0
658,2,Roulette,7,4,4,60.0,0
659,2,Roulette,7,5,4,60.0,0
660,2,Roulette,7,1,5,0,31.600000000000264
661,2,Roulette,7,2,5,0,32.200000000000266
662,2,Roulette,7,3,5,0,29.80000000000026
663,2,Roulette,7,4,5,0,31.600000000000264
664,2,Roulette,7,5,5,0,36.400000000000276
665,2,Roulette,7,1,6,30.0,0
666,2,Roulette,7,2,6,30.0,0
667,2,Roulette,7,3,6,30.0,0
668,2,Roulette,7,4,6,30.0,0
669,2,Roulette,7,5,6,30.0,0
670,2,Roulette,7,1,7,20.0,0
671,2,Roulette,7,2,7,20.0,0
672,2,Roulette,7,3,7,20.0,0
673,2,Roulette,7,4,7,20.0,0
674,2,Roulette,7,5,7,20.0,0
675,2,Roulette,7,1,8,0,21.40000000000024
676,2,Roulette,7,2,8,0,21.40000000000024
677,2,Roulette,7,3,8,0,21.40000000000024
678,2,Roulette,7,4,8,0,21.40000000000024
679,2,Roulette,7,5,8,0,21.40000000000024
680,2,Roulette,8,1,1,100,0
681,2,Roulette,8,2,1,100,0
682,2,Roulette,8,3,1,100,0
683,2,Roulette,8,4,1,100,0
684,2,Roulette,8,5,1,100,0
685,2,Roulette,8,1,2,0,30
686,2,Roulette,8,2,2,0,30
687,2,Roulette,8,3,2,0,30
688,2,Roulette,8,4,2,0,30
689,2,Roulette,8,5,2,0,30
690,2,Roulette,8,1,3,80.0,0
691,2,Roulette,8,2,3,80.0,0
692,2,Roulette,8,3,3,80.0,0
693,2,Roulette,8,4,3,80.0,0
694,2,Roulette,8,5,3,80.0,0
695,2,Roulette,8,1,4,90.0,0
696,2,Roulette,8,2,4,90.0,0
697,2,Roulette,8,3,4,90.0,0
698,2,Roulette,8,4,4,90.0,0
699,2,Roulette,8,5,4,90.0,0
700,2,Roulette,8,1,5,40.0,0
701,2,Roulette,8,2,5,30.0,0
702,2,Roulette,8,3,5,50.0,0
703,2,Roulette,8,4,5,50.0,0
704,2,Roulette,8,5,5,0,31.000000000000263
705,2,Roulette,8,1,6,50.0,0
706,2,Roulette,8,2,6,50.0,0
707,2,Roulette,8,3,6,50.0,0
708,2,Roulette,8,4,6,50.0,0
709,2,Roulette,8,5,6,50.0,0
710,2,Roulette,8,1,7,30.0,0
711,2,Roulette,8,2,7,30.0,0
712,2,Roulette,8,3,7,30.0,0
713,2,Roulette,8,4,7,30.0,0
714,2,Roulette,8,5,7,30.0,0
715,2,Roulette,8,1,8,70.0,0
716,2,Roulette,8,2,8,70.0,0
717,2,Roulette,8,3,8,70.0,0
718,2,Roulette,8,4,8,70.0,0
719,2,Roulette,8,5,8,70.0,0
720,2,Roulette,9,1,1,100,0
721,2,Roulette,9,2,1,100,0
722,2,Roulette,9,3,1,100,0
723,2,Roulette,9,4,1,100,0
724,2,Roulette,9,5,1,100,0
725,2,Roulette,9,1,2,0,54
726,2,Roulette,9,2,2,0,54
727,2,Roulette,9,3,2,0,54
728,2,Roulette,9,4,2,0,54
729,2,Roulette,9,5,2,0,54
730,2,Roulette,9,1,3,80.0,0
731,2,Roulette,9,2,3,80.0,0
732,2,Roulette,9,3,3,80.0,0
733,2,Roulette,9,4,3,80.0,0
734,2,Roulette,9,5,3,80.0,0
735,2,Roulette,9,1,4,70.0,0
736,2,Roulette,9,2,4,70.0,0
737,2,Roulette,9,3,4,70.0,0
738,2,Roulette,9,4,4,70.0,0
739,2,Roulette,9,5,4,70.0,0
740,2,Roulette,9,1,5,0,29.80000000000026
741,2,Roulette,9,2,5,40.0,0
742,2,Roulette,9,3,5,0,29.80000000000026
743,2,Roulette,9,4,5,0,28.600000000000257
744,2,Roulette,9,5,5,0,10.60000000000023
745,2,Roulette,9,1,6,20.0,0
746,2,Roulette,9,2,6,20.0,0
747,2,Roulette,9,3,6,20.0,0
748,2,Roulette,9,4,6,20.0,0
749,2,Roulette,9,5,6,20.0,0
750,2,Roulette,9,1,7,30.0,0
751,2,Roulette,9,2,7,30.0,0
752,2,Roulette,9,3,7,30.0,0
753,2,Roulette,9,4,7,30.0,0
754,2,Roulette,9,5,7,30.0,0
755,2,Roulette,9,1,8,80.0,0
756,2,Roulette,9,2,8,80.0,0
757,2,Roulette,9,3,8,80.0,0
758,2,Roulette,9,4,8,80.0,0
759,2,Roulette,9,5,8,80.0,0
760,2,Roulette,10,1,1,80.0,0
761,2,Roulette,10,2,1,80.0,0
762,2,Roulette,10,3,1,80.0,0
763,2,Roulette,10,4,1,80.0,0
764,2,Roulette,10,5,1,80.0,0
765,2,Roulette,10,1,2,0,74
766,2,Roulette,10,2,2,0,74
767,2,Roulette,10,3,2,0,74
768,2,Roulette,10,4,2,0,74
769,2,Roulette,10,5,2,0,74
770,2,Roulette,10,1,3,30.0,0
771,2,Roulette,10,2,3,30.0,0
772,2,Roulette,10,3,3,30.0,0
773,2,Roulette,10,4,3,30.0,0
774,2,Roulette,10,5,3,30.0,0
775,2,Roulette,10,1,4,60.0,0
776,2,Roulette,10,2,4,60.0,0
777,2,Roulette,10,3,4,60.0,0
778,2,Roulette,10,4,4,60.0,0
779,2,Roulette,10,5,4,60.0,0
780,2,Roulette,10,1,5,0,55.60000000000032
781,2,Roulette,10,2,5,0,46.6000000000003
782,2,Roulette,10,3,5,0,57.400000000000325
783,2,Roulette,10,4,5,0,53.200000000000315
784,2,Roulette,10,5,5,0,60.40000000000033
785,2,Roulette,10,1,6,30.0,0
786,2,Roulette,10,2,6,30.0,0
787,2,Roulette,10,3,6,30.0,0
788,2,Roulette,10,4,6,30.0,0
789,2,Roulette,10,5,6,30.0,0
790,2,Roulette,10,1,7,10.0,0
791,2,Roulette,10,2,7,10.0,0
792,2,Roulette,10,3,7,10.0,0
793,2,Roulette,10,4,7,10.0,0
794,2,Roulette,10,5,7,10.0,0
795,2,Roulette,10,1,8,0,22.600000000000243
796,2,Roulette,10,2,8,0,22.600000000000243
797,2,Roulette,10,3,8,0,22.600000000000243
798,2,Roulette,10,4,8,0,22.600000000000243
799,2,Roulette,10,5,8,0,22.600000000000243
800,1,PSO,1,1,1,90.0,0
801,1,PSO,1,2,1,90.0,0
802,1,PSO,1,3,1,90.0,0
803,1,PSO,1,4,1,90.0,0
804,1,PSO,1,5,1,90.0,0
805,1,PSO,1,1,2,60.0,0
806,1,PSO,1,2,2,60.0,0
807,1,PSO,1,3,2,60.0,0
808,1,PSO,1,4,2,60.0,0
809,1,PSO,1,5,2,60.0,0
810,1,PSO,1,1,3,70.0,0
811,1,PSO,1,2,3,70.0,0
812,1,PSO,1,3,3,70.0,0
813,1,PSO,1,4,3,70.0,0
814,1,PSO,1,5,3,70.0,0
815,1,PSO,1,1,4,70.0,0
816,1,PSO,1,2,4,70.0,0
817,1,PSO,1,3,4,70.0,0
818,1,PSO,1,4,4,70.0,0
819,1,PSO,1,5,4,70.0,0
820,1,PSO,1,1,5,0,30.40000000000026
821,1,PSO,1,2,5,0,20.80000000000024
822,1,PSO,1,3,5,0,32.80000000000027
823,1,PSO,1,4,5,0,22.600000000000243
824,1,PSO,1,5,5,0,35.800000000000274
825,1,PSO,1,1,6,80.0,0
826,1,PSO,1,2,6,80.0,0
827,1,PSO,1,3,6,80.0,0
828,1,PSO,1,4,6,80.0,0
829,1,PSO,1,5,6,80.0,0
830,1,PSO,1,1,7,30.0,0
831,1,PSO,1,2,7,30.0,0
832,1,PSO,1,3,7,30.0,0
833,1,PSO,1,4,7,30.0,0
834,1,PSO,1,5,7,30.0,0
835,1,PSO,1,1,8,90.0,0
836,1,PSO,1,2,8,90.0,0
837,1,PSO,1,3,8,90.0,0
838,1,PSO,1,4,8,90.0,0
839,1,PSO,1,5,8,90.0,0
840,1,PSO,2,1,1,80.0,0
841,1,PSO,2,2,1,80.0,0
842,1,PSO,2,3,1,80.0,0
843,1,PSO,2,4,1,80.0,0
844,1,PSO,2,5,1,80.0,0
845,1,PSO,2,1,2,0,8
846,1,PSO,2,2,2,0,8
847,1,PSO,2,3,2,0,8
848,1,PSO,2,4,2,0,8
849,1,PSO,2,5,2,0,8
850,1,PSO,2,1,3,100,0
851,1,PSO,2,2,3,100,0
852,1,PSO,2,3,3,100,0
853,1,PSO,2,4,3,100,0
854,1,PSO,2,5,3,100,0
855,1,PSO,2,1,4,50.0,0
856,1,PSO,2,2,4,50.0,0
857,1,PSO,2,3,4,50.0,0
858,1,PSO,2,4,4,50.0,0
859,1,PSO,2,5,4,50.0,0
860,1,PSO,2,1,5,80.0,89.8000000000001
861,1,PSO,2,2,5,80.0,89.2000000000001
862,1,PSO,2,3,5,80.0,89.8000000000001
863,1,PSO,2,4,5,70.0,88.60000000000011
864,1,PSO,2,5,5,80.0,89.2000000000001
865,1,PSO,2,1,6,100,0
866,1,PSO,2,2,6,100,0
867,1,PSO,2,3,6,100,0
868,1,PSO,2,4,6,100,0
869,1,PSO,2,5,6,100,0
870,1,PSO,2,1,7,20.0,0
871,1,PSO,2,2,7,20.0,0
872,1,PSO,2,3,7,20.0,0
873,1,PSO,2,4,7,20.0,0
874,1,PSO,2,5,7,20.0,0
875,1,PSO,2,1,8,40.0,0
876,1,PSO,2,2,8,40.0,0
877,1,PSO,2,3,8,40.0,0
878,1,PSO,2,4,8,40.0,0
879,1,PSO,2,5,8,40.0,0
880,1,PSO,3,1,1,100,0
881,1,PSO,3,2,1,100,0
882,1,PSO,3,3,1,100,0
883,1,PSO,3,4,1,100,0
884,1,PSO,3,5,1,100,0
885,1,PSO,3,1,2,0,30
886,1,PSO,3,2,2,0,30
887,1,PSO,3,3,2,0,30
888,1,PSO,3,4,2,0,30
889,1,PSO,3,5,2,0,30
890,1,PSO,3,1,3,90.0,0
891,1,PSO,3,2,3,90.0,0
892,1,PSO,3,3,3,90.0,0
893,1,PSO,3,4,3,90.0,0
894,1,PSO,3,5,3,90.0,0
895,1,PSO,3,1,4,90.0,0
896,1,PSO,3,2,4,90.0,0
897,1,PSO,3,3,4,90.0,0
898,1,PSO,3,4,4,90.0,0
899,1,PSO,3,5,4,90.0,0
900,1,PSO,3,1,5,90.0,0
901,1,PSO,3,2,5,90.0,0
902,1,PSO,3,3,5,90.0,0
903,1,PSO,3,4,5,90.0,0
904,1,PSO,3,5,5,90.0,0
905,1,PSO,3,1,6,100,0
906,1,PSO,3,2,6,100,0
907,1,PSO,3,3,6,100,0
908,1,PSO,3,4,6,100,0
909,1,PSO,3,5,6,100,0
910,1,PSO,3,1,7,20.0,0
911,1,PSO,3,2,7,20.0,0
912,1,PSO,3,3,7,20.0,0
913,1,PSO,3,4,7,20.0,0
914,1,PSO,3,5,7,20.0,0
915,1,PSO,3,1,8,0,26.800000000000253
916,1,PSO,3,2,8,0,26.800000000000253
917,1,PSO,3,3,8,0,26.800000000000253
918,1,PSO,3,4,8,0,26.800000000000253
919,1,PSO,3,5,8,0,26.800000000000253
920,1,PSO,4,1,1,80.0,0
921,1,PSO,4,2,1,80.0,0
922,1,PSO,4,3,1,80.0,0
923,1,PSO,4,4,1,80.0,0
924,1,PSO,4,5,1,80.0,0
925,1,PSO,4,1,2,0,68
926,1,PSO,4,2,2,0,68
927,1,PSO,4,3,2,0,68
928,1,PSO,4,4,2,0,68
929,1,PSO,4,5,2,0,68
930,1,PSO,4,1,3,30.0,0
931,1,PSO,4,2,3,30.0,0
932,1,PSO,4,3,3,30.0,0
933,1,PSO,4,4,3,30.0,0
934,1,PSO,4,5,3,30.0,0
935,1,PSO,4,1,4,40.0,0
936,1,PSO,4,2,4,40.0,0
937,1,PSO,4,3,4,40.0,0
938,1,PSO,4,4,4,40.0,0
939,1,PSO,4,5,4,40.0,0
940,1,PSO,4,1,5,0,53.80000000000032
941,1,PSO,4,2,5,0,54.40000000000032
942,1,PSO,4,3,5,0,54.40000000000032
943,1,PSO,4,4,5,0,61.000000000000334
944,1,PSO,4,5,5,0,58.00000000000033
945,1,PSO,4,1,6,70.0,0
946,1,PSO,4,2,6,70.0,0
947,1,PSO,4,3,6,70.0,0
948,1,PSO,4,4,6,70.0,0
949,1,PSO,4,5,6,70.0,0
950,1,PSO,4,1,7,0,61.000000000000334
951,1,PSO,4,2,7,0,61.000000000000334
952,1,PSO,4,3,7,0,61.000000000000334
953,1,PSO,4,4,7,0,61.000000000000334
954,1,PSO,4,5,7,0,61.000000000000334
955,1,PSO,4,1,8,30.0,0
956,1,PSO,4,2,8,30.0,0
957,1,PSO,4,3,8,30.0,0
958,1,PSO,4,4,8,30.0,0
959,1,PSO,4,5,8,30.0,0
960,1,PSO,5,1,1,70.0,0
961,1,PSO,5,2,1,70.0,0
962,1,PSO,5,3,1,70.0,0
963,1,PSO,5,4,1,70.0,0
964,1,PSO,5,5,1,70.0,0
965,1,PSO,5,1,2,0,74
966,1,PSO,5,2,2,0,74
967,1,PSO,5,3,2,0,74
968,1,PSO,5,4,2,0,74
969,1,PSO,5,5,2,0,74
970,1,PSO,5,1,3,70.0,0
971,1,PSO,5,2,3,70.0,0
972,1,PSO,5,3,3,70.0,0
973,1,PSO,5,4,3,70.0,0
974,1,PSO,5,5,3,70.0,0
975,1,PSO,5,1,4,70.0,0
976,1,PSO,5,2,4,70.0,0
977,1,PSO,5,3,4,70.0,0
978,1,PSO,5,4,4,70.0,0
979,1,PSO,5,5,4,70.0,0
980,1,PSO,5,1,5,0,52.00000000000031
981,1,PSO,5,2,5,0,55.00000000000032
982,1,PSO,5,3,5,0,53.80000000000032
983,1,PSO,5,4,5,0,55.00000000000032
984,1,PSO,5,5,5,0,55.60000000000032
985,1,PSO,5,1,6,80.0,0
986,1,PSO,5,2,6,80.0,0
987,1,PSO,5,3,6,80.0,0
988,1,PSO,5,4,6,80.0,0
989,1,PSO,5,5,6,80.0,0
990,1,PSO,5,1,7,20.0,0
991,1,PSO,5,2,7,20.0,0
992,1,PSO,5,3,7,20.0,0
993,1,PSO,5,4,7,20.0,0
994,1,PSO,5,5,7,20.0,0
995,1,PSO,5,1,8,90.0,0
996,1,PSO,5,2,8,90.0,0
997,1,PSO,5,3,8,90.0,0
998,1,PSO,5,4,8,90.0,0
999,1,PSO,5,5,8,90.0,0
1000,1,PSO,6,1,1,70.0,0
1001,1,PSO,6,2,1,70.0,0
1002,1,PSO,6,3,1,70.0,0
1003,1,PSO,6,4,1,70.0,0
1004,1,PSO,6,5,1,70.0,0
1005,1,PSO,6,1,2,0,74
1006,1,PSO,6,2,2,0,74
1007,1,PSO,6,3,2,0,74
1008,1,PSO,6,4,2,0,74
1009,1,PSO,6,5,2,0,74
1010,1,PSO,6,1,3,70.0,0
1011,1,PSO,6,2,3,70.0,0
1012,1,PSO,6,3,3,70.0,0
1013,1,PSO,6,4,3,70.0,0
1014,1,PSO,6,5,3,70.0,0
1015,1,PSO,6,1,4,50.0,0
1016,1,PSO,6,2,4,50.0,0
1017,1,PSO,6,3,4,50.0,0
1018,1,PSO,6,4,4,50.0,0
1019,1,PSO,6,5,4,50.0,0
1020,1,PSO,6,1,5,0,53.200000000000315
1021,1,PSO,6,2,5,0,58.00000000000033
1022,1,PSO,6,3,5,0,56.20000000000032
1023,1,PSO,6,4,5,0,58.00000000000033
1024,1,PSO,6,5,5,0,59.80000000000033
1025,1,PSO,6,1,6,70.0,0
1026,1,PSO,6,2,6,70.0,0
1027,1,PSO,6,3,6,70.0,0
1028,1,PSO,6,4,6,70.0,0
1029,1,PSO,6,5,6,70.0,0
1030,1,PSO,6,1,7,10.0,0
1031,1,PSO,6,2,7,10.0,0
1032,1,PSO,6,3,7,10.0,0
1033,1,PSO,6,4,7,10.0,0
1034,1,PSO,6,5,7,10.0,0
1035,1,PSO,6,1,8,80.0,0
1036,1,PSO,6,2,8,80.0,0
1037,1,PSO,6,3,8,80.0,0
1038,1,PSO,6,4,8,80.0,0
1039,1,PSO,6,5,8,80.0,0
1040,1,PSO,7,1,1,80.0,0
1041,1,PSO,7,2,1,80.0,0
1042,1,PSO,7,3,1,80.0,0
1043,1,PSO,7,4,1,80.0,0
1044,1,PSO,7,5,1,80.0,0
1045,1,PSO,7,1,2,0,30
1046,1,PSO,7,2,2,0,30
1047,1,PSO,7,3,2,0,30
1048,1,PSO,7,4,2,0,30
1049,1,PSO,7,5,2,0,30
1050,1,PSO,7,1,3,80.0,0
1051,1,PSO,7,2,3,80.0,0
1052,1,PSO,7,3,3,80.0,0
1053,1,PSO,7,4,3,80.0,0
1054,1,PSO,7,5,3,80.0,0
1055,1,PSO,7,1,4,60.0,0
1056,1,PSO,7,2,4,60.0,0
1057,1,PSO,7,3,4,60.0,0
1058,1,PSO,7,4,4,60.0,0
1059,1,PSO,7,5,4,60.0,0
1060,1,PSO,7,1,5,0,57.400000000000325
1061,1,PSO,7,2,5,0,44.200000000000294
1062,1,PSO,7,3,5,0,46.6000000000003
1063,1,PSO,7,4,5,0,70.00000000000028
1064,1,PSO,7,5,5,0,61.600000000000335
1065,1,PSO,7,1,6,70.0,0
1066,1,PSO,7,2,6,70.0,0
1067,1,PSO,7,3,6,70.0,0
1068,1,PSO,7,4,6,70.0,0
1069,1,PSO,7,5,6,70.0,0
1070,1,PSO,7,1,7,20.0,0
1071,1,PSO,7,2,7,20.0,0
1072,1,PSO,7,3,7,20.0,0
1073,1,PSO,7,4,7,20.0,0
1074,1,PSO,7,5,7,20.0,0
1075,1,PSO,7,1,8,0,25.00000000000025
1076,1,PSO,7,2,8,0,25.00000000000025
1077,1,PSO,7,3,8,0,25.00000000000025
1078,1,PSO,7,4,8,0,25.00000000000025
1079,1,PSO,7,5,8,0,25.00000000000025
1080,1,PSO,8,1,1,70.0,0
1081,1,PSO,8,2,1,70.0,0
1082,1,PSO,8,3,1,70.0,0
1083,1,PSO,8,4,1,70.0,0
1084,1,PSO,8,5,1,70.0,0
1085,1,PSO,8,1,2,0,46
1086,1,PSO,8,2,2,0,46
1087,1,PSO,8,3,2,0,46
1088,1,PSO,8,4,2,0,46
1089,1,PSO,8,5,2,0,46
1090,1,PSO,8,1,3,40.0,0
1091,1,PSO,8,2,3,40.0,0
1092,1,PSO,8,3,3,40.0,0
1093,1,PSO,8,4,3,40.0,0
1094,1,PSO,8,5,3,40.0,0
1095,1,PSO,8,1,4,30.0,0
1096,1,PSO,8,2,4,30.0,0
1097,1,PSO,8,3,4,30.0,0
1098,1,PSO,8,4,4,30.0,0
1099,1,PSO,8,5,4,30.0,0
1100,1,PSO,8,1,5,60.0,0
1101,1,PSO,8,2,5,80.0,0
1102,1,PSO,8,3,5,80.0,0
1103,1,PSO,8,4,5,60.0,0
1104,1,PSO,8,5,5,70.0,0
1105,1,PSO,8,1,6,90.0,0
1106,1,PSO,8,2,6,90.0,0
1107,1,PSO,8,3,6,90.0,0
1108,1,PSO,8,4,6,90.0,0
1109,1,PSO,8,5,6,90.0,0
1110,1,PSO,8,1,7,30.0,0
1111,1,PSO,8,2,7,30.0,0
1112,1,PSO,8,3,7,30.0,0
1113,1,PSO,8,4,7,30.0,0
1114,1,PSO,8,5,7,30.0,0
1115,1,PSO,8,1,8,0,55.60000000000032
1116,1,PSO,8,2,8,0,55.60000000000032
1117,1,PSO,8,3,8,0,55.60000000000032
1118,1,PSO,8,4,8,0,55.60000000000032
1119,1,PSO,8,5,8,0,55.60000000000032
1120,1,PSO,9,1,1,90.0,0
1121,1,PSO,9,2,1,90.0,0
1122,1,PSO,9,3,1,90.0,0
1123,1,PSO,9,4,1,90.0,0
1124,1,PSO,9,5,1,90.0,0
1125,1,PSO,9,1,2,60.0,0
1126,1,PSO,9,2,2,60.0,0
1127,1,PSO,9,3,2,60.0,0
1128,1,PSO,9,4,2,60.0,0
1129,1,PSO,9,5,2,60.0,0
1130,1,PSO,9,1,3,70.0,0
1131,1,PSO,9,2,3,70.0,0
1132,1,PSO,9,3,3,70.0,0
1133,1,PSO,9,4,3,70.0,0
1134,1,PSO,9,5,3,70.0,0
1135,1,PSO,9,1,4,70.0,0
1136,1,PSO,9,2,4,70.0,0
1137,1,PSO,9,3,4,70.0,0
1138,1,PSO,9,4,4,70.0,0
1139,1,PSO,9,5,4,70.0,0
1140,1,PSO,9,1,5,0,28.600000000000257
1141,1,PSO,9,2,5,0,26.800000000000253
1142,1,PSO,9,3,5,0,19.600000000000236
1143,1,PSO,9,4,5,0,25.60000000000025
1144,1,PSO,9,5,5,0,41.80000000000029
1145,1,PSO,9,1,6,50.0,0
1146,1,PSO,9,2,6,50.0,0
1147,1,PSO,9,3,6,50.0,0
1148,1,PSO,9,4,6,50.0,0
1149,1,PSO,9,5,6,50.0,0
1150,1,PSO,9,1,7,30.0,0
1151,1,PSO,9,2,7,30.0,0
1152,1,PSO,9,3,7,30.0,0
1153,1,PSO,9,4,7,30.0,0
1154,1,PSO,9,5,7,30.0,0
1155,1,PSO,9,1,8,90.0,0
1156,1,PSO,9,2,8,90.0,0
1157,1,PSO,9,3,8,90.0,0
1158,1,PSO,9,4,8,90.0,0
1159,1,PSO,9,5,8,90.0,0
1160,1,PSO,10,1,1,80.0,0
1161,1,PSO,10,2,1,80.0,0
1162,1,PSO,10,3,1,80.0,0
1163,1,PSO,10,4,1,80.0,0
1164,1,PSO,10,5,1,80.0,0
1165,1,PSO,10,1,2,40.0,0
1166,1,PSO,10,2,2,40.0,0
1167,1,PSO,10,3,2,40.0,0
1168,1,PSO,10,4,2,40.0,0
1169,1,PSO,10,5,2,40.0,0
1170,1,PSO,10,1,3,80.0,0
1171,1,PSO,10,2,3,80.0,0
1172,1,PSO,10,3,3,80.0,0
1173,1,PSO,10,4,3,80.0,0
1174,1,PSO,10,5,3,80.0,0
1175,1,PSO,10,1,4,100,0
1176,1,PSO,10,2,4,100,0
1177,1,PSO,10,3,4,100,0
1178,1,PSO,10,4,4,100,0
1179,1,PSO,10,5,4,100,0
1180,1,PSO,10,1,5,60.0,0
1181,1,PSO,10,2,5,60.0,0
1182,1,PSO,10,3,5,70.0,0
1183,1,PSO,10,4,5,80.0,0
1184,1,PSO,10,5,5,80.0,0
1185,1,PSO,10,1,6,100,0
1186,1,PSO,10,2,6,100,0
1187,1,PSO,10,3,6,100,0
1188,1,PSO,10,4,6,100,0
1189,1,PSO,10,5,6,100,0
1190,1,PSO,10,1,7,20.0,0
1191,1,PSO,10,2,7,20.0,0
1192,1,PSO,10,3,7,20.0,0
1193,1,PSO,10,4,7,20.0,0
1194,1,PSO,10,5,7,20.0,0
1195,1,PSO,10,1,8,100,0
1196,1,PSO,10,2,8,100,0
1197,1,PSO,10,3,8,100,0
1198,1,PSO,10,4,8,100,0
1199,1,PSO,10,5,8,100,0
1200,2,PSO,1,1,1,100,0
1201,2,PSO,1,2,1,100,0
1202,2,PSO,1,3,1,100,0
1203,2,PSO,1,4,1,100,0
1204,2,PSO,1,5,1,100,0
1205,2,PSO,1,1,2,0,50
1206,2,PSO,1,2,2,0,50
1207,2,PSO,1,3,2,0,50
1208,2,PSO,1,4,2,0,50
1209,2,PSO,1,5,2,0,50
1210,2,PSO,1,1,3,80.0,0
1211,2,PSO,1,2,3,80.0,0
1212,2,PSO,1,3,3,80.0,0
1213,2,PSO,1,4,3,80.0,0
1214,2,PSO,1,5,3,80.0,0
1215,2,PSO,1,1,4,70.0,0
1216,2,PSO,1,2,4,70.0,0
1217,2,PSO,1,3,4,70.0,0
1218,2,PSO,1,4,4,70.0,0
1219,2,PSO,1,5,4,70.0,0
1220,2,PSO,1,1,5,20.0,0
1221,2,PSO,1,2,5,30.0,0
1222,2,PSO,1,3,5,30.0,0
1223,2,PSO,1,4,5,50.0,0
1224,2,PSO,1,5,5,20.0,0
1225,2,PSO,1,1,6,30.0,0
1226,2,PSO,1,2,6,30.0,0
1227,2,PSO,1,3,6,30.0,0
1228,2,PSO,1,4,6,30.0,0
1229,2,PSO,1,5,6,30.0,0
1230,2,PSO,1,1,7,30.0,0
1231,2,PSO,1,2,7,30.0,0
1232,2,PSO,1,3,7,30.0,0
1233,2,PSO,1,4,7,30.0,0
1234,2,PSO,1,5,7,30.0,0
1235,2,PSO,1,1,8,80.0,0
1236,2,PSO,1,2,8,80.0,0
1237,2,PSO,1,3,8,80.0,0
1238,2,PSO,1,4,8,80.0,0
1239,2,PSO,1,5,8,80.0,0
1240,2,PSO,2,1,1,70.0,0
1241,2,PSO,2,2,1,70.0,0
1242,2,PSO,2,3,1,70.0,0
1243,2,PSO,2,4,1,70.0,0
1244,2,PSO,2,5,1,70.0,0
1245,2,PSO,2,1,2,0,40
1246,2,PSO,2,2,2,0,40
1247,2,PSO,2,3,2,0,40
1248,2,PSO,2,4,2,0,40
1249,2,PSO,2,5,2,0,40
1250,2,PSO,2,1,3,80.0,0
1251,2,PSO,2,2,3,80.0,0
1252,2,PSO,2,3,3,80.0,0
1253,2,PSO,2,4,3,80.0,0
1254,2,PSO,2,5,3,80.0,0
1255,2,PSO,2,1,4,80.0,0
1256,2,PSO,2,2,4,80.0,0
1257,2,PSO,2,3,4,80.0,0
1258,2,PSO,2,4,4,80.0,0
1259,2,PSO,2,5,4,80.0,0
1260,2,PSO,2,1,5,60.0,0
1261,2,PSO,2,2,5,50.0,0
1262,2,PSO,2,3,5,50.0,0
1263,2,PSO,2,4,5,50.0,0
1264,2,PSO,2,5,5,50.0,0
1265,2,PSO,2,1,6,80.0,0
1266,2,PSO,2,2,6,80.0,0
1267,2,PSO,2,3,6,80.0,0
1268,2,PSO,2,4,6,80.0,0
1269,2,PSO,2,5,6,80.0,0
1270,2,PSO,2,1,7,20.0,0
1271,2,PSO,2,2,7,20.0,0
1272,2,PSO,2,3,7,20.0,0
1273,2,PSO,2,4,7,20.0,0
1274,2,PSO,2,5,7,20.0,0
1275,2,PSO,2,1,8,0,45.4000000000003
1276,2,PSO,2,2,8,0,45.4000000000003
1277,2,PSO,2,3,8,0,45.4000000000003
1278,2,PSO,2,4,8,0,45.4000000000003
1279,2,PSO,2,5,8,0,45.4000000000003
1280,2,PSO,3,1,1,100,0
1281,2,PSO,3,2,1,100,0
1282,2,PSO,3,3,1,100,0
1283,2,PSO,3,4,1,100,0
1284,2,PSO,3,5,1,100,0
1285,2,PSO,3,1,2,0,30
1286,2,PSO,3,2,2,0,30
1287,2,PSO,3,3,2,0,30
1288,2,PSO,3,4,2,0,30
1289,2,PSO,3,5,2,0,30
1290,2,PSO,3,1,3,90.0,0
1291,2,PSO,3,2,3,90.0,0
1292,2,PSO,3,3,3,90.0,0
1293,2,PSO,3,4,3,90.0,0
1294,2,PSO,3,5,3,90.0,0
1295,2,PSO,3,1,4,80.0,0
1296,2,PSO,3,2,4,80.0,0
1297,2,PSO,3,3,4,80.0,0
1298,2,PSO,3,4,4,80.0,0
1299,2,PSO,3,5,4,80.0,0
1300,2,PSO,3,1,5,30.0,0
1301,2,PSO,3,2,5,20.0,0
1302,2,PSO,3,3,5,0,3.4000000000002344
1303,2,PSO,3,4,5,0,9.400000000000231
1304,2,PSO,3,5,5,0,10.000000000000231
1305,2,PSO,3,1,6,70.0,0
1306,2,PSO,3,2,6,70.0,0
1307,2,PSO,3,3,6,70.0,0
1308,2,PSO,3,4,6,70.0,0
1309,2,PSO,3,5,6,70.0,0
1310,2,PSO,3,1,7,40.0,0
1311,2,PSO,3,2,7,40.0,0
1312,2,PSO,3,3,7,40.0,0
1313,2,PSO,3,4,7,40.0,0
1314,2,PSO,3,5,7,40.0,0
1315,2,PSO,3,1,8,80.0,0
1316,2,PSO,3,2,8,80.0,0
1317,2,PSO,3,3,8,80.0,0
1318,2,PSO,3,4,8,80.0,0
1319,2,PSO,3,5,8,80.0,0
1320,2,PSO,4,1,1,90.0,0
1321,2,PSO,4,2,1,90.0,0
1322,2,PSO,4,3,1,90.0,0
1323,2,PSO,4,4,1,90.0,0
1324,2,PSO,4,5,1,90.0,0
1325,2,PSO,4,1,2,60.0,0
1326,2,PSO,4,2,2,60.0,0
1327,2,PSO,4,3,2,60.0,0
1328,2,PSO,4,4,2,60.0,0
1329,2,PSO,4,5,2,60.0,0
1330,2,PSO,4,1,3,70.0,0
1331,2,PSO,4,2,3,70.0,0
1332,2,PSO,4,3,3,70.0,0
1333,2,PSO,4,4,3,70.0,0
1334,2,PSO,4,5,3,70.0,0
1335,2,PSO,4,1,4,70.0,0
1336,2,PSO,4,2,4,70.0,0
1337,2,PSO,4,3,4,70.0,0
1338,2,PSO,4,4,4,70.0,0
1339,2,PSO,4,5,4,70.0,0
1340,2,PSO,4,1,5,0,41.80000000000029
1341,2,PSO,4,2,5,0,40.000000000000284
1342,2,PSO,4,3,5,0,24.400000000000247
1343,2,PSO,4,4,5,0,23.800000000000246
1344,2,PSO,4,5,5,0,38.20000000000028
1345,2,PSO,4,1,6,80.0,0
1346,2,PSO,4,2,6,80.0,0
1347,2,PSO,4,3,6,80.0,0
1348,2,PSO,4,4,6,80.0,0
1349,2,PSO,4,5,6,80.0,0
1350,2,PSO,4,1,7,30.0,0
1351,2,PSO,4,2,7,30.0,0
1352,2,PSO,4,3,7,30.0,0
1353,2,PSO,4,4,7,30.0,0
1354,2,PSO,4,5,7,30.0,0
1355,2,PSO,4,1,8,90.0,0
1356,2,PSO,4,2,8,90.0,0
1357,2,PSO,4,3,8,90.0,0
1358,2,PSO,4,4,8,90.0,0
1359,2,PSO,4,5,8,90.0,0
1360,2,PSO,5,1,1,60.0,0
1361,2,PSO,5,2,1,60.0,0
1362,2,PSO,5,3,1,60.0,0
1363,2,PSO,5,4,1,60.0,0
1364,2,PSO,5,5,1,60.0,0
1365,2,PSO,5,1,2,0,74
1366,2,PSO,5,2,2,0,74
1367,2,PSO,5,3,2,0,74
1368,2,PSO,5,4,2,0,74
1369,2,PSO,5,5,2,0,74
1370,2,PSO,5,1,3,70.0,0
1371,2,PSO,5,2,3,70.0,0
1372,2,PSO,5,3,3,70.0,0
1373,2,PSO,5,4,3,70.0,0
1374,2,PSO,5,5,3,70.0,0
1375,2,PSO,5,1,4,70.0,0
1376,2,PSO,5,2,4,70.0,0
1377,2,PSO,5,3,4,70.0,0
1378,2,PSO,5,4,4,70.0,0
1379,2,PSO,5,5,4,70.0,0
1380,2,PSO,5,1,5,0,53.80000000000032
1381,2,PSO,5,2,5,0,56.20000000000032
1382,2,PSO,5,3,5,0,58.00000000000033
1383,2,PSO,5,4,5,0,55.60000000000032
1384,2,PSO,5,5,5,0,61.600000000000335
1385,2,PSO,5,1,6,80.0,0
1386,2,PSO,5,2,6,80.0,0
1387,2,PSO,5,3,6,80.0,0
1388,2,PSO,5,4,6,80.0,0
1389,2,PSO,5,5,6,80.0,0
1390,2,PSO,5,1,7,20.0,0
1391,2,PSO,5,2,7,20.0,0
1392,2,PSO,5,3,7,20.0,0
1393,2,PSO,5,4,7,20.0,0
1394,2,PSO,5,5,7,20.0,0
1395,2,PSO,5,1,8,90.0,0
1396,2,PSO,5,2,8,90.0,0
1397,2,PSO,5,3,8,90.0,0
1398,2,PSO,5,4,8,90.0,0
1399,2,PSO,5,5,8,90.0,0
1400,2,PSO,6,1,1,100,0
1401,2,PSO,6,2,1,100,0
1402,2,PSO,6,3,1,100,0
1403,2,PSO,6,4,1,100,0
1404,2,PSO,6,5,1,100,0
1405,2,PSO,6,1,2,0,52
1406,2,PSO,6,2,2,0,52
1407,2,PSO,6,3,2,0,52
1408,2,PSO,6,4,2,0,52
1409,2,PSO,6,5,2,0,52
1410,2,PSO,6,1,3,70.0,0
1411,2,PSO,6,2,3,70.0,0
1412,2,PSO,6,3,3,70.0,0
1413,2,PSO,6,4,3,70.0,0
1414,2,PSO,6,5,3,70.0,0
1415,2,PSO,6,1,4,70.0,0
1416,2,PSO,6,2,4,70.0,0
1417,2,PSO,6,3,4,70.0,0
1418,2,PSO,6,4,4,70.0,0
1419,2,PSO,6,5,4,70.0,0
1420,2,PSO,6,1,5,0,5.800000000000233
1421,2,PSO,6,2,5,0,33.40000000000027
1422,2,PSO,6,3,5,40.0,0
1423,2,PSO,6,4,5,0,25.00000000000025
1424,2,PSO,6,5,5,20.0,0
1425,2,PSO,6,1,6,70.0,0
1426,2,PSO,6,2,6,70.0,0
1427,2,PSO,6,3,6,70.0,0
1428,2,PSO,6,4,6,70.0,0
1429,2,PSO,6,5,6,70.0,0
1430,2,PSO,6,1,7,0,3.4000000000002344
1431,2,PSO,6,2,7,0,3.4000000000002344
1432,2,PSO,6,3,7,0,3.4000000000002344
1433,2,PSO,6,4,7,0,3.4000000000002344
1434,2,PSO,6,5,7,0,3.4000000000002344
1435,2,PSO,6,1,8,0,21.40000000000024
1436,2,PSO,6,2,8,0,21.40000000000024
1437,2,PSO,6,3,8,0,21.40000000000024
1438,2,PSO,6,4,8,0,21.40000000000024
1439,2,PSO,6,5,8,0,21.40000000000024
1440,2,PSO,7,1,1,70.0,0
1441,2,PSO,7,2,1,70.0,0
1442,2,PSO,7,3,1,70.0,0
1443,2,PSO,7,4,1,70.0,0
1444,2,PSO,7,5,1,70.0,0
1445,2,PSO,7,1,2,0,74
1446,2,PSO,7,2,2,0,74
1447,2,PSO,7,3,2,0,74
1448,2,PSO,7,4,2,0,74
1449,2,PSO,7,5,2,0,74
1450,2,PSO,7,1,3,70.0,0
1451,2,PSO,7,2,3,70.0,0
1452,2,PSO,7,3,3,70.0,0
1453,2,PSO,7,4,3,70.0,0
1454,2,PSO,7,5,3,70.0,0
1455,2,PSO,7,1,4,70.0,0
1456,2,PSO,7,2,4,70.0,0
1457,2,PSO,7,3,4,70.0,0
1458,2,PSO,7,4,4,70.0,0
1459,2,PSO,7,5,4,70.0,0
1460,2,PSO,7,1,5,0,55.00000000000032
1461,2,PSO,7,2,5,0,55.00000000000032
1462,2,PSO,7,3,5,0,55.60000000000032
1463,2,PSO,7,4,5,0,55.00000000000032
1464,2,PSO,7,5,5,0,58.00000000000033
1465,2,PSO,7,1,6,40.0,0
1466,2,PSO,7,2,6,40.0,0
1467,2,PSO,7,3,6,40.0,0
1468,2,PSO,7,4,6,40.0,0
1469,2,PSO,7,5,6,40.0,0
1470,2,PSO,7,1,7,20.0,0
1471,2,PSO,7,2,7,20.0,0
1472,2,PSO,7,3,7,20.0,0
1473,2,PSO,7,4,7,20.0,0
1474,2,PSO,7,5,7,20.0,0
1475,2,PSO,7,1,8,30.0,0
1476,2,PSO,7,2,8,30.0,0
1477,2,PSO,7,3,8,30.0,0
1478,2,PSO,7,4,8,30.0,0
1479,2,PSO,7,5,8,30.0,0
1480,2,PSO,8,1,1,90.0,0
1481,2,PSO,8,2,1,90.0,0
1482,2,PSO,8,3,1,90.0,0
1483,2,PSO,8,4,1,90.0,0
1484,2,PSO,8,5,1,90.0,0
1485,2,PSO,8,1,2,60.0,0
1486,2,PSO,8,2,2,60.0,0
1487,2,PSO,8,3,2,60.0,0
1488,2,PSO,8,4,2,60.0,0
1489,2,PSO,8,5,2,60.0,0
1490,2,PSO,8,1,3,100,0
1491,2,PSO,8,2,3,100,0
1492,2,PSO,8,3,3,100,0
1493,2,PSO,8,4,3,100,0
1494,2,PSO,8,5,3,100,0
1495,2,PSO,8,1,4,70.0,0
1496,2,PSO,8,2,4,70.0,0
1497,2,PSO,8,3,4,70.0,0
1498,2,PSO,8,4,4,70.0,0
1499,2,PSO,8,5,4,70.0,0
1500,2,PSO,8,1,5,0,27.400000000000254
1501,2,PSO,8,2,5,60.0,0
1502,2,PSO,8,3,5,0,29.80000000000026
1503,2,PSO,8,4,5,60.0,0
1504,2,PSO,8,5,5,0,32.80000000000027
1505,2,PSO,8,1,6,80.0,0
1506,2,PSO,8,2,6,80.0,0
1507,2,PSO,8,3,6,80.0,0
1508,2,PSO,8,4,6,80.0,0
1509,2,PSO,8,5,6,80.0,0
1510,2,PSO,8,1,7,30.0,0
1511,2,PSO,8,2,7,30.0,0
1512,2,PSO,8,3,7,30.0,0
1513,2,PSO,8,4,7,30.0,0
1514,2,PSO,8,5,7,30.0,0
1515,2,PSO,8,1,8,90.0,0
1516,2,PSO,8,2,8,90.0,0
1517,2,PSO,8,3,8,90.0,0
1518,2,PSO,8,4,8,90.0,0
1519,2,PSO,8,5,8,90.0,0
1520,2,PSO,9,1,1,70.0,0
1521,2,PSO,9,2,1,70.0,0
1522,2,PSO,9,3,1,70.0,0
1523,2,PSO,9,4,1,70.0,0
1524,2,PSO,9,5,1,70.0,0
1525,2,PSO,9,1,2,0,74
1526,2,PSO,9,2,2,0,74
1527,2,PSO,9,3,2,0,74
1528,2,PSO,9,4,2,0,74
1529,2,PSO,9,5,2,0,74
1530,2,PSO,9,1,3,70.0,0
1531,2,PSO,9,2,3,70.0,0
1532,2,PSO,9,3,3,70.0,0
1533,2,PSO,9,4,3,70.0,0
1534,2,PSO,9,5,3,70.0,0
1535,2,PSO,9,1,4,70.0,0
1536,2,PSO,9,2,4,70.0,0
1537,2,PSO,9,3,4,70.0,0
1538,2,PSO,9,4,4,70.0,0
1539,2,PSO,9,5,4,70.0,0
1540,2,PSO,9,1,5,0,55.00000000000032
1541,2,PSO,9,2,5,0,54.40000000000032
1542,2,PSO,9,3,5,0,58.00000000000033
1543,2,PSO,9,4,5,0,59.80000000000033
1544,2,PSO,9,5,5,0,56.800000000000324
1545,2,PSO,9,1,6,80.0,0
1546,2,PSO,9,2,6,80.0,0
1547,2,PSO,9,3,6,80.0,0
1548,2,PSO,9,4,6,80.0,0
1549,2,PSO,9,5,6,80.0,0
1550,2,PSO,9,1,7,20.0,0
1551,2,PSO,9,2,7,20.0,0
1552,2,PSO,9,3,7,20.0,0
1553,2,PSO,9,4,7,20.0,0
1554,2,PSO,9,5,7,20.0,0
1555,2,PSO,9,1,8,30.0,0
1556,2,PSO,9,2,8,30.0,0
1557,2,PSO,9,3,8,30.0,0
1558,2,PSO,9,4,8,30.0,0
1559,2,PSO,9,5,8,30.0,0
1560,2,PSO,10,1,1,100,0
1561,2,PSO,10,2,1,100,0
1562,2,PSO,10,3,1,100,0
1563,2,PSO,10,4,1,100,0
1564,2,PSO,10,5,1,100,0
1565,2,PSO,10,1,2,20.0,0
1566,2,PSO,10,2,2,20.0,0
1567,2,PSO,10,3,2,20.0,0
1568,2,PSO,10,4,2,20.0,0
1569,2,PSO,10,5,2,20.0,0
1570,2,PSO,10,1,3,60.0,0
1571,2,PSO,10,2,3,60.0,0
1572,2,PSO,10,3,3,60.0,0
1573,2,PSO,10,4,3,60.0,0
1574,2,PSO,10,5,3,60.0,0
1575,2,PSO,10,1,4,70.0,0
1576,2,PSO,10,2,4,70.0,0
1577,2,PSO,10,3,4,70.0,0
1578,2,PSO,10,4,4,70.0,0
1579,2,PSO,10,5,4,70.0,0
1580,2,PSO,10,1,5,70.0,0
1581,2,PSO,10,2,5,50.0,0
1582,2,PSO,10,3,5,60.0,0
1583,2,PSO,10,4,5,60.0,0
1584,2,PSO,10,5,5,60.0,0
1585,2,PSO,10,1,6,60.0,0
1586,2,PSO,10,2,6,60.0,0
1587,2,PSO,10,3,6,60.0,0
1588,2,PSO,10,4,6,60.0,0
1589,2,PSO,10,5,6,60.0,0
1590,2,PSO,10,1,7,100,0
1591,2,PSO,10,2,7,100,0
1592,2,PSO,10,3,7,100,0
1593,2,PSO,10,4,7,100,0
1594,2,PSO,10,5,7,100,0
1595,2,PSO,10,1,8,10.0,0
1596,2,PSO,10,2,8,10.0,0
1597,2,PSO,10,3,8,10.0,0
1598,2,PSO,10,4,8,10.0,0
1599,2,PSO,10,5,8,10.0,0
