mut;environment;gen;mean;max
0,2;1;0;10,85498287;37,00726077
0,2;1;1;29,60918355;37,94012289
0,2;1;2;32,85638486;37,82260506
0,2;1;3;30,68094471;36,02049375
0,2;1;4;29,5040952;36,17344221
0,2;1;5;33,69131634;37,9482387
0,2;1;6;34,822617;40,04116745
0,2;1;7;35,58925982;40,93516548
0,2;1;8;33,68585396;39,86772542
0,2;1;9;34,93264799;41,6711462
0,2;1;10;38,69527088;43,9447423
0,2;1;11;37,54169731;52,26588178
0,2;1;12;43,58361138;51,3267105
0,2;1;13;45,03712652;51,338922
0,2;1;14;41,85825343;50,51756308
0,2;1;15;44,67713295;51,4957795
0,2;1;16;42,7589933;52,47673181
0,2;1;17;43,24982382;50,51090108
0,2;1;18;47,94570078;50,51444127
0,2;1;19;46,5154271;50,50440751
0,2;1;20;47,94559731;50,49026451
0,2;1;21;46,08985032;51,96876344
0,2;1;22;45,97990469;51,14126886
0,2;1;23;44,92110464;50,22049888
0,2;1;24;44,99431865;52,98145608
0,2;1;25;46,06564817;52,34046821
0,2;1;26;43,69982092;52,32696768
0,2;1;27;43,69806416;50,49692888
0,2;1;28;46,79094593;49,62983753
0,2;1;29;46,56064741;55,93638036
0,2;1;30;50,90818082;55,03476481
0,2;1;31;52,03932969;54,98162419
0,2;1;32;49,83564664;54,11648123
0,2;1;33;46,34474025;55,01026159
0,2;1;34;48,79585099;56,79349879
0,2;1;35;43,96529222;57,70570227
0,2;1;36;50,51770706;57,65928096
0,2;1;37;46,188881;56,73236151
0,2;1;38;49,8441449;55,8435638
0,2;1;39;48,26711696;58,4665265
0,2;1;40;47,09517868;61,1926537
0,2;1;41;55,00621459;66,57881481
0,2;1;42;57,95424925;66,59572916
0,2;1;43;58,77985241;70,17750755
0,2;1;44;63,85624228;77,16300458
0,2;1;45;61,10512347;76,27034733
0,2;1;46;59,85016154;72,66277522
0,2;1;47;65,70870601;72,74957754
0,2;1;48;63,10596536;79,47507832
0,2;1;49;67,48312274;79,51566596
0,2;1;50;67,92433239;79,51403991
0,2;1;51;62,47087408;79,51848474
0,2;1;52;63,45223333;79,50075224
0,2;1;53;63,70905592;79,50045329
0,2;1;54;73,11021185;79,50449799
0,2;1;55;66,14106902;79,50285186
0,2;1;56;61,54570284;74,98345328
0,2;1;57;62,05602232;75,4964588
0,2;1;58;59,98759411;73,65649024
0,2;1;59;62,4788988;75,48163315
0,2;1;60;66,34278593;72,78534402
0,2;1;61;63,79602925;73,59707082
0,2;1;62;68,11429919;73,59849701
0,2;1;63;61,15759654;73,7288624
0,2;1;64;62,11836048;73,72071015
0,2;1;65;55,11525094;74,6013445
0,2;1;66;65,28474263;73,72775007
0,2;1;67;65,78120976;73,52534896
0,2;1;68;65,64333932;74,38993236
0,2;1;69;69,19326264;74,4237861
0,2;1;70;67,10721583;72,67155846
0,2;1;71;64,70533513;72,67795205
0,2;1;72;63,90157668;73,62102328
0,2;1;73;67,5997134;73,57750241
0,2;1;74;64,91156144;74,44111561
0,2;1;75;64,41977037;74,44380274
0,2;1;76;66,72263627;74,44346095
0,2;1;77;66,84758122;72,63622181
0,2;1;78;69,00287611;74,4401087
0,2;1;79;65,26861341;74,52535895
0,2;2;0;5,943955243;14,6852866
0,2;2;1;11,93808153;16,65848364
0,2;2;2;13,33782115;18,70843383
0,2;2;3;15,95436559;19,0357852
0,2;2;4;16,89295773;19,6882676
0,2;2;5;15,72624408;19,07978315
0,2;2;6;15,56062502;19,3033997
0,2;2;7;15,55659325;18,99434617
0,2;2;8;16,04473036;20,20946132
0,2;2;9;16,36737467;19,02784361
0,2;2;10;14,89723788;19,03739987
0,2;2;11;15,51262418;20,20595612
0,2;2;12;16,99305427;20,21167851
0,2;2;13;15,74824287;19,10334772
0,2;2;14;13,40988362;18,85155913
0,2;2;15;15,49492179;20,35832282
0,2;2;16;15,10882376;20,96092086
0,2;2;17;16,13358519;20,0940022
0,2;2;18;17,73134803;20,56116861
0,2;2;19;15,83785262;18,97978655
0,2;2;20;17,01858599;19,23196311
0,2;2;21;16,49767829;19,61050907
0,2;2;22;16,42155073;20,37839409
0,2;2;23;18,54849716;27,17316259
0,2;2;24;19,82817463;26,91600129
0,2;2;25;23,80207807;27,30567802
0,2;2;26;21,53418663;27,58155083
0,2;2;27;19,76694305;27,04914326
0,2;2;28;22,80922066;27,43413985
0,2;2;29;23,35100369;27,81283697
0,2;2;30;23,6699974;30,87025003
0,2;2;31;24,00491437;32,39616873
0,2;2;32;26,64400736;32,99102447
0,2;2;33;27,41572779;33,74488594
0,2;2;34;27,41203375;33,56651109
0,2;2;35;24,29327019;33,91148854
0,2;2;36;24,845461;31,405042
0,2;2;37;21,79161138;31,0148701
0,2;2;38;22,46670715;30,63337034
0,2;2;39;21,69278179;32,05974112
0,2;2;40;19,05752317;29,49219267
0,2;2;41;24,35885027;35,16260392
0,2;2;42;21,6495325;28,40343816
0,2;2;43;19,13465814;27,70432007
0,2;2;44;18,61402435;27,04212292
0,2;2;45;20,38096768;27,61118395
0,2;2;46;21,86768397;30,483618
0,2;2;47;21,08660216;30,66062166
0,2;2;48;21,53654182;30,5855772
0,2;2;49;23,90543492;37,66326159
0,2;2;50;25,57121495;34,98687509
0,2;2;51;27,12395411;40,07633193
0,2;2;52;34,3939179;42,01090423
0,2;2;53;34,76149274;41,55663835
0,2;2;54;33,76537641;41,56462146
0,2;2;55;32,08060612;44,42437816
0,2;2;56;31,46463032;42,50832439
0,2;2;57;26,36647262;41,35620713
0,2;2;58;28,58206803;41,85576212
0,2;2;59;31,01109664;41,88882455
0,2;2;60;30,82436993;44,73520067
0,2;2;61;36,24756089;44,12764241
0,2;2;62;34,08848068;46,89804564
0,2;2;63;36,21950865;47,79833312
0,2;2;64;37,3985235;51,01812783
0,2;2;65;34,29180737;51,1724615
0,2;2;66;32,34645343;50,30702602
0,2;2;67;38,18839617;50,27999686
0,2;2;68;33,25889161;46,06340513
0,2;2;69;34,49496387;40,77064074
0,2;2;70;34,4693168;41,8570669
0,2;2;71;34,65277671;41,91790824
0,2;2;72;33,73653627;41,48403322
0,2;2;73;30,01295065;39,30588513
0,2;2;74;33,70792186;39,65321394
0,2;2;75;32,82387684;40,82455379
0,2;2;76;34,55573338;39,9745503
0,2;2;77;34,96740272;41,18035728
0,2;2;78;34,47093491;40,39309091
0,2;2;79;29,41936894;44,71224956
0,3;1;0;11,07657133;32,45408399
0,3;1;1;20,88871021;36,90788835
0,3;1;2;28,18911406;41,36791624
0,3;1;3;33,47977174;41,32668973
0,3;1;4;34,560431;39,66891075
0,3;1;5;33,5432779;44,98050636
0,3;1;6;36,19967241;44,92394778
0,3;1;7;36,56654847;45,17703222
0,3;1;8;38,50257489;44,94205807
0,3;1;9;42,33458286;46,78227148
0,3;1;10;42,19026622;46,74106822
0,3;1;11;39,93832118;47,64543909
0,3;1;12;37,457299;47,66736107
0,3;1;13;39,53470131;51,29280162
0,3;1;14;41,67244496;51,2864885
0,3;1;15;41,3259849;53,04121492
0,3;1;16;44,26479928;54,82398315
0,3;1;17;48,93046952;55,72398315
0,3;1;18;46,18878716;55,70075937
0,3;1;19;48,56808131;66,41639241
0,3;1;20;49,14956504;66,32964483
0,3;1;21;55,10818494;69,00201242
0,3;1;22;60,71198356;69,87633611
0,3;1;23;58,03559493;68,09113856
0,3;1;24;55,7799214;68,13800366
0,3;1;25;55,40489436;68,12734916
0,3;1;26;59,80393992;67,20898825
0,3;1;27;55,92509834;68,13155072
0,3;1;28;56,44354692;70,05087512
0,3;1;29;54,88457263;68,17982321
0,3;1;30;56,29972407;69,97166232
0,3;1;31;61,41078703;69,97313161
0,3;1;32;56,15513066;68,20795481
0,3;1;33;56,07793984;68,26296749
0,3;1;34;51,27716717;66,35113296
0,3;1;35;57,85989807;65,48411959
0,3;1;36;53,79874403;64,5796647
0,3;1;37;55,59567392;67,23571039
0,3;1;38;54,36606097;66,38134233
0,3;1;39;60,21500954;66,34914031
0,3;1;40;56,04818762;66,36260368
0,3;1;41;56,88363661;67,27577597
0,3;1;42;57,09139953;68,16345106
0,3;1;43;48,14115816;63,63446742
0,3;1;44;52,38225635;64,56412006
0,3;1;45;53,53215749;68,20700203
0,3;1;46;53,38731853;69,09221727
0,3;1;47;58,43648512;69,91087078
0,3;1;48;58,69927112;70,92138497
0,3;1;49;59,8591019;70,84138444
0,3;1;50;61,32899372;70,13454272
0,3;1;51;57,33752966;67,22674198
0,3;1;52;55,76122649;67,20186561
0,3;1;53;52,92636722;68,12779202
0,3;1;54;58,27200391;68,11068189
0,3;1;55;59,13609219;68,10067517
0,3;1;56;55,222164;67,22209341
0,3;1;57;53,82187755;70,0730863
0,3;1;58;56,94032425;67,21569728
0,3;1;59;50,99453992;67,19245647
0,3;1;60;58,17997249;67,22626133
0,3;1;61;52,35172066;67,22817553
0,3;1;62;54,14378379;68,1286457
0,3;1;63;57,33083659;65,39113039
0,3;1;64;53,59872186;66,28900588
0,3;1;65;59,82583103;66,28386867
0,3;1;66;50,11800473;67,16297489
0,3;1;67;57,28917297;67,28529358
0,3;1;68;52,59992747;66,36007439
0,3;1;69;54,08549695;68,18009431
0,3;1;70;58,08148483;66,47214475
0,3;1;71;55,21268487;68,23419432
0,3;1;72;57,57407158;68,3085515
0,3;1;73;56,95367789;68,26673871
0,3;1;74;59,00527591;68,20765625
0,3;1;75;60,17126293;70,58569623
0,3;1;76;59,71934058;70,60759872
0,3;1;77;55,64410803;70,08042786
0,3;1;78;57,9205526;70,09588634
0,3;1;79;58,53458172;71,81010655
0,3;2;0;10,50044901;26,10374785
0,3;2;1;21,56024703;27,05347231
0,3;2;2;22,64559856;26,88185944
0,3;2;3;21,69233028;25,09406586
0,3;2;4;19,46636405;24,37258845
0,3;2;5;22,56230061;24,40848491
0,3;2;6;24,58361004;26,31670549
0,3;2;7;23,90699107;26,25980065
0,3;2;8;20,61728368;25,18491237
0,3;2;9;23,51211526;26,10068743
0,3;2;10;23,99424865;27,65760813
0,3;2;11;24,19008372;37,27327058
0,3;2;12;29,13267076;36,04822199
0,3;2;13;31,28923265;36,12796664
0,3;2;14;29,010448;35,22400513
0,3;2;15;31,70221656;37,07217131
0,3;2;16;30,92828144;37,39174917
0,3;2;17;32,54000165;37,62210046
0,3;2;18;34,98221291;37,34990448
0,3;2;19;33,7670726;37,35102067
0,3;2;20;35,31098782;37,58609564
0,3;2;21;33,65222782;38,4725214
0,3;2;22;32,41456302;37,98585833
0,3;2;23;33,07626185;39,26208502
0,3;2;24;31,64734993;38,50972928
0,3;2;25;34,21604448;38,27624509
0,3;2;26;31,82368119;38,22306503
0,3;2;27;31,56938308;38,48679382
0,3;2;28;35,91994805;37,56435976
0,3;2;29;33,46326458;38,54428197
0,3;2;30;34,85902245;37,37864943
0,3;2;31;35,07754547;37,70716692
0,3;2;32;33,69357655;36,85496645
0,3;2;33;32,60620372;37,88932264
0,3;2;34;34,85407738;39,28319559
0,3;2;35;30,77288844;39,65835232
0,3;2;36;34,21519076;39,51526185
0,3;2;37;30,78833063;39,47721844
0,3;2;38;32,80500241;38,79479313
0,3;2;39;29,98489871;41,4085011
0,3;2;40;29,98528356;44,16835431
0,3;2;41;37,21032113;50,41924544
0,3;2;42;40,33137767;50,42052814
0,3;2;43;42,37684857;51,02482988
0,3;2;44;43,69773089;55,29821793
0,3;2;45;40,99253864;54,65358539
0,3;2;46;42,87415784;51,09695615
0,3;2;47;45,93942697;51,18767676
0,3;2;48;42,83171443;56,92106601
0,3;2;49;47,22971958;57,81307543
0,3;2;50;47,53869966;57,78668236
0,3;2;51;42,61720327;62,06530742
0,3;2;52;46,88100967;62,01525868
0,3;2;53;51,48178341;62,26990165
0,3;2;54;54,76965641;62,27780304
0,3;2;55;47,46788505;62,29317107
0,3;2;56;47,86866937;57,72742768
0,3;2;57;44,34823823;57,92862375
0,3;2;58;46,74335476;56,16137916
0,3;2;59;48,28468726;59,24658518
0,3;2;60;51,26010209;59,412634
0,3;2;61;52,13407134;59,39404313
0,3;2;62;53,61255731;59,38879417
0,3;2;63;49,1733202;60,3029432
0,3;2;64;52,37860875;60,30457517
0,3;2;65;45,68658979;61,33530164
0,3;2;66;50,08007617;60,31358721
0,3;2;67;52,08896723;60,26653039
0,3;2;68;52,77963563;61,13496408
0,3;2;69;55,10960153;61,14528512
0,3;2;70;55,33388847;61,30069186
0,3;2;71;56,18550724;61,34134123
0,3;2;72;55,15302642;62,26721747
0,3;2;73;51,86823108;58,84203061
0,3;2;74;52,91582011;59,7027117
0,3;2;75;54,04850903;59,71633387
0,3;2;76;54,66311708;60,48166319
0,3;2;77;55,78379962;59,59354155
0,3;2;78;58,41816643;60,57684032
0,3;2;79;53,48301668;62,04812033
0,5;1;0;9,903816234;27,63957458
0,5;1;1;23,41959061;33,64010635
0,5;1;2;30,42303311;49,67083359
0,5;1;3;27,57873076;43,5667394
0,5;1;4;36,18253845;54,29441961
0,5;1;5;38,23621182;56,45177935
0,5;1;6;36,85134837;57,3104893
0,5;1;7;42,43711598;56,47903437
0,5;1;8;43,16357229;59,23158997
0,5;1;9;48,03034854;57,42630634
0,5;1;10;40,07268316;59,23021105
0,5;1;11;43,47406904;61,00453849
0,5;1;12;48,2852679;62,77489644
0,5;1;13;49,48494764;69,86381177
0,5;1;14;48,4218374;63,12277685
0,5;1;15;43,7463404;61,91565985
0,5;1;16;39,85302793;57,69764453
0,5;1;17;46,56664165;67,40925325
0,5;1;18;49,01131081;69,17634118
0,5;1;19;49,16956225;72,77005847
0,5;1;20;47,10501777;69,15980559
0,5;1;21;43,41189577;64,6747579
0,5;1;22;50,16916844;77,23078815
0,5;1;23;65,98224829;80,01421882
0,5;1;24;56,25373489;80,02897616
0,5;1;25;56,31073673;78,08116671
0,5;1;26;57,09766082;77,39097672
0,5;1;27;52,53461465;76,20727408
0,5;1;28;56,91930679;77,04045726
0,5;1;29;51,02333886;76,14367673
0,5;1;30;52,40258378;76,35682877
0,5;1;31;54,13106542;76,1490737
0,5;1;32;50,94353378;73,52476741
0,5;1;33;57,1093787;75,33900816
0,5;1;34;50,51301971;73,46486345
0,5;1;35;60,24937911;75,35742284
0,5;1;36;56,38668849;75,37441141
0,5;1;37;61,90200313;72,59394314
0,5;1;38;59,05232308;73,43209751
0,5;1;39;61,22420843;72,54277179
0,5;1;40;53,44797751;71,67282189
0,5;1;41;52,3830745;74,38395759
0,5;1;42;55,83446222;74,37632883
0,5;1;43;56,87153717;74,53288473
0,5;1;44;56,6659782;71,181028
0,5;1;45;53,27293606;76,21187053
0,5;1;46;56,05494188;76,22326678
0,5;1;47;53,94370937;75,30837107
0,5;1;48;49,65056602;74,45075555
0,5;1;49;48,83465983;74,5060866
0,5;1;50;53,76262165;76,30138415
0,5;1;51;58,97382497;73,60085058
0,5;1;52;56,65414424;76,31264144
0,5;1;53;61,42835936;75,53110769
0,5;1;54;61,99317617;78,24638356
0,5;1;55;61,28931291;76,30967451
0,5;1;56;51,36602858;73,5115086
0,5;1;57;61,67723968;73,59117257
0,5;1;58;61,06477527;75,30802092
0,5;1;59;58,93310896;76,21126589
0,5;1;60;59,65185604;76,26259866
0,5;1;61;59,51530802;76,30222052
0,5;1;62;61,49515809;77,31226293
0,5;1;63;54,84740731;76,26863836
0,5;1;64;50,73212332;74,36840675
0,5;1;65;58,29848889;74,34446833
0,5;1;66;55,95986135;76,14093682
0,5;1;67;58,43119319;76,24702609
0,5;1;68;59,79429834;76,19886097
0,5;1;69;60,78665577;78,25796442
0,5;1;70;58,02340213;75,27970219
0,5;1;71;55,60960919;74,49497241
0,5;1;72;54,45173148;73,63386608
0,5;1;73;57,73509325;75,47125672
0,5;1;74;55,0028806;76,39950052
0,5;1;75;59,5584831;76,36754513
0,5;1;76;54,36476655;75,40540389
0,5;1;77;56,2984603;75,48895294
0,5;1;78;60,29777636;71,73345402
0,5;1;79;49,47559086;68,11916276
0,5;2;0;5,647317839;14,93348793
0,5;2;1;9,647038769;24,11397662
0,5;2;2;13,66719057;22,67015179
0,5;2;3;15,20779275;22,31147893
0,5;2;4;14,38607076;26,14781468
0,5;2;5;17,58341087;28,31074453
0,5;2;6;19,30755407;29,86104563
0,5;2;7;17,65565724;32,47720426
0,5;2;8;21,04016362;35,47648998
0,5;2;9;21,26438667;35,0029745
0,5;2;10;21,86012111;34,11800009
0,5;2;11;22,22409002;37,6395061
0,5;2;12;24,03925096;37,47683307
0,5;2;13;25,90929112;34,5323271
0,5;2;14;21,25449943;32,01457962
0,5;2;15;25,06410957;40,42099658
0,5;2;16;24,59263565;39,84063168
0,5;2;17;23,90339072;37,70079381
0,5;2;18;17,89307527;28,40311811
0,5;2;19;17,90009335;32,4664579
0,5;2;20;20,85288169;33,10712832
0,5;2;21;21,87349105;32,42008774
0,5;2;22;22,30994767;29,01567896
0,5;2;23;23,41274799;30,49710891
0,5;2;24;22,64387665;32,1455771
0,5;2;25;23,32688078;33,73267772
0,5;2;26;23,69554207;33,93702316
0,5;2;27;25,88563427;34,39861274
0,5;2;28;24,59949704;35,35486895
0,5;2;29;24,56451139;33,90859231
0,5;2;30;21,15254275;34,39632995
0,5;2;31;23,13288675;38,83168832
0,5;2;32;24,23801966;43,54904569
0,5;2;33;28,15576246;42,07713065
0,5;2;34;31,02833107;44,43402494
0,5;2;35;30,79534205;42,02997008
0,5;2;36;24,29589997;34,32176611
0,5;2;37;24,56302904;34,26584238
0,5;2;38;22,70750066;32,20118308
0,5;2;39;24,09562889;36,39120106
0,5;2;40;23,58572252;39,25013126
0,5;2;41;24,27493706;33,7714954
0,5;2;42;26,21048845;36,14169026
0,5;2;43;23,9483581;33,95328491
0,5;2;44;24,25788599;34,09318139
0,5;2;45;24,19477043;36,35416346
0,5;2;46;27,03565689;40,32184959
0,5;2;47;26,31229888;40,72367317
0,5;2;48;24,08423815;41,16386549
0,5;2;49;28,25936368;41,39818113
0,5;2;50;22,68546898;41,47249381
0,5;2;51;25,36029603;38,77471646
0,5;2;52;29,02747877;38,74015001
0,5;2;53;24,85265292;38,59151797
0,5;2;54;20,84471129;35,9887365
0,5;2;55;23,44620853;33,13359781
0,5;2;56;26,22069062;36,41383951
0,5;2;57;22,35225525;36,68549821
0,5;2;58;26,7712096;42,19837116
0,5;2;59;27,91823661;45,55029557
0,5;2;60;25,30268792;41,57803996
0,5;2;61;28,68501631;44,74043977
0,5;2;62;30,21061549;46,57926105
0,5;2;63;28,51023873;43,04888573
0,5;2;64;26,5344702;43,83523428
0,5;2;65;27,50346194;41,65061195
0,5;2;66;29,57950841;42,26851325
0,5;2;67;26,25817167;42,37524726
0,5;2;68;30,41200624;42,50891748
0,5;2;69;28,40081615;36,73699553
0,5;2;70;22,82877586;32,59471073
0,5;2;71;21,08515114;33,04709374
0,5;2;72;23,64569025;32,34172915
0,5;2;73;20,22737476;32,83388277
0,5;2;74;23,39425601;36,86901392
0,5;2;75;23,33195019;38,94804072
0,5;2;76;23,61677601;40,61516741
0,5;2;77;27,15155818;38,28015368
0,5;2;78;27,37258373;36,54983447
0,5;2;79;24,74960084;40,69169192
0,7;1;0;9,485711288;27,68421874
0,7;1;1;17,05510723;29,47107442
0,7;1;2;19,69598631;35,74811635
0,7;1;3;25,5086979;44,90279699
0,7;1;4;29,92612988;50,37883055
0,7;1;5;34,7371033;55,5579598
0,7;1;6;33,9988767;52,25390517
0,7;1;7;38,33069908;55,79316115
0,7;1;8;40,2038224;55,7599133
0,7;1;9;43,10304458;57,67681683
0,7;1;10;39,02714981;57,80553244
0,7;1;11;31,00581749;55,60169268
0,7;1;12;40,13017143;58,37023183
0,7;1;13;32,82723655;58,59827232
0,7;1;14;42,69920882;62,98375698
0,7;1;15;43,83005241;62,84257358
0,7;1;16;41,79361997;62,81452819
0,7;1;17;48,14507362;62,85609835
0,7;1;18;48,47044804;62,90686785
0,7;1;19;44,38972903;63,68837787
0,7;1;20;40,35610275;63,76865983
0,7;1;21;44,45476786;62,7276228
0,7;1;22;39,65912304;64,59666577
0,7;1;23;41,04021547;65,60255096
0,7;1;24;37,88332485;58,47825521
0,7;1;25;43,07700151;55,67897319
0,7;1;26;45,80817789;65,68943014
0,7;1;27;46,96718335;64,63565681
0,7;1;28;47,84383166;63,87473067
0,7;1;29;49,54084898;64,71028763
0,7;1;30;41,22653818;69,13325284
0,7;1;31;43,65609837;69,17218917
0,7;1;32;45,04320603;69,12642503
0,7;1;33;47,13225651;70,0278125
0,7;1;34;48,10621288;61,955514
0,7;1;35;48,4738329;67,29131158
0,7;1;36;53,79302725;74,41736543
0,7;1;37;52,40191162;76,22528507
0,7;1;38;48,25661082;70,72476912
0,7;1;39;55,74493908;76,29275951
0,7;1;40;51,19840159;68,08121071
0,7;1;41;42,43878433;68,38927639
0,7;1;42;51,63855615;69,19511513
0,7;1;43;49,5487372;68,38865183
0,7;1;44;48,78536525;70,93620631
0,7;1;45;41,39759112;70,00260416
0,7;1;46;43,91195441;67,43811678
0,7;1;47;41,30478791;66,44145425
0,7;1;48;41,03225392;65,5148811
0,7;1;49;42,01378243;66,36091561
0,7;1;50;44,41651503;66,38340558
0,7;1;51;46,1214617;67,1923929
0,7;1;52;45,72552699;62,72434604
0,7;1;53;43,23278962;63,56819316
0,7;1;54;47,09407083;65,33319942
0,7;1;55;49,02460334;64,4593067
0,7;1;56;47,71516583;68,02453389
0,7;1;57;49,69083962;68,00776092
0,7;1;58;55,46046031;70,75333095
0,7;1;59;53,72290577;71,60639723
0,7;1;60;54,8055977;71,66171479
0,7;1;61;54,54443446;71,63447186
0,7;1;62;52,07140328;70,76038484
0,7;1;63;46,84200634;69,84363111
0,7;1;64;49,31810444;70,77171263
0,7;1;65;50,04030686;69,91831641
0,7;1;66;51,34073633;71,75020854
0,7;1;67;47,23044186;69,91088787
0,7;1;68;46,9798667;69,86193113
0,7;1;69;45,71763686;64,59719236
0,7;1;70;48,98054907;66,36342426
0,7;1;71;50,86069697;67,22835191
0,7;1;72;49,63275964;68,89416834
0,7;1;73;43,59517395;68,89567079
0,7;1;74;47,61510099;68,93674437
0,7;1;75;51,87372707;72,5437564
0,7;1;76;51,50838568;71,6920608
0,7;1;77;48,43598868;73,48643784
0,7;1;78;51,12429744;70,72368415
0,7;1;79;55,99012346;72,58842838
0,7;2;0;4,797764085;10,79622963
0,7;2;1;5,578155393;11,97531632
0,7;2;2;9,638418692;17,42011343
0,7;2;3;9,523121601;18,05967142
0,7;2;4;11,91982473;21,29863718
0,7;2;5;13,29460581;20,67588418
0,7;2;6;14,15888943;21,67767009
0,7;2;7;13,40935696;24,07404426
0,7;2;8;12,73613773;24,94154672
0,7;2;9;14,30022922;31,71373704
0,7;2;10;17,18129272;32,4213225
0,7;2;11;17,27818198;33,40104485
0,7;2;12;20,64520956;34,49466486
0,7;2;13;18,34165501;31,37438836
0,7;2;14;18,73206113;31,78368462
0,7;2;15;18,7541732;32,82450489
0,7;2;16;19,22922641;31,6734425
0,7;2;17;19,91589338;29,05474087
0,7;2;18;17,86616523;29,90129641
0,7;2;19;18,53800589;35,4322102
0,7;2;20;16,26069583;29,63444342
0,7;2;21;20,08769785;31,85975402
0,7;2;22;20,03289948;33,01114461
0,7;2;23;18,2083194;33,8740207
0,7;2;24;17,88128739;28,79876524
0,7;2;25;21,12034095;36,53495208
0,7;2;26;24,69774178;40,6898604
0,7;2;27;22,16213777;39,19872166
0,7;2;28;23,09117205;39,45012024
0,7;2;29;23,93358984;45,73317834
0,7;2;30;23,83504053;45,60435936
0,7;2;31;27,60547806;43,94603852
0,7;2;32;21,58370459;37,68020322
0,7;2;33;25,83053033;45,13537696
0,7;2;34;24,49760266;40,87607636
0,7;2;35;27,39684565;41,00100092
0,7;2;36;28,5327914;45,45809377
0,7;2;37;30,43765131;48,43607872
0,7;2;38;26,09905958;43,97278721
0,7;2;39;31,23436924;53,63528122
0,7;2;40;27,70409759;52,82355422
0,7;2;41;26,40274547;52,89218532
0,7;2;42;31,15459195;51,89112338
0,7;2;43;23,93191983;43,77055664
0,7;2;44;27,65147046;44,36487037
0,7;2;45;24,50944539;45,20549432
0,7;2;46;23,65385772;37,06818083
0,7;2;47;21,22659532;34,92250217
0,7;2;48;22,78551084;34,89066566
0,7;2;49;22,04442979;38,0406494
0,7;2;50;20,93071509;35,35482222
0,7;2;51;21,0187426;32,98587544
0,7;2;52;21,46190195;34,99726861
0,7;2;53;18,68649284;30,81647114
0,7;2;54;17,28987335;27,67679249
0,7;2;55;18,75426225;33,72037151
0,7;2;56;18,21155867;31,5145143
0,7;2;57;15,94280389;29,60578647
0,7;2;58;20,07416572;32,56232397
0,7;2;59;21,40674219;35,57784304
0,7;2;60;19,59287204;34,73546129
0,7;2;61;21,93378378;34,00324485
0,7;2;62;24,48266571;39,71952212
0,7;2;63;27,54742427;43,75684426
0,7;2;64;25,35112609;37,50904697
0,7;2;65;25,84607117;36,62806214
0,7;2;66;23,27277831;38,63804956
0,7;2;67;28,49745857;37,04777182
0,7;2;68;21,08772067;37,26312287
0,7;2;69;22,50825343;36,50158188
0,7;2;70;25,43198966;35,87089156
0,7;2;71;23,63579409;42,17990335
0,7;2;72;23,55241437;39,96860109
0,7;2;73;21,49665062;38,8334695
0,7;2;74;21,35658333;36,2496622
0,7;2;75;24,07149206;35,69753145
0,7;2;76;23,08662129;34,90559416
0,7;2;77;25,43751966;38,22888115
0,7;2;78;24,38028417;39,61067863
0,7;2;79;26,08101798;41,11136822
0,9;1;0;11,52826258;26,28266395
0,9;1;1;13,16200861;32,26839344
0,9;1;2;17,23785596;40,60351821
0,9;1;3;20,15400546;39,07586441
0,9;1;4;24,7346593;41,22363782
0,9;1;5;29,97444659;46,68782551
0,9;1;6;33,55439957;51,03903312
0,9;1;7;27,95979754;41,55363842
0,9;1;8;33,29960497;48,37668202
0,9;1;9;36,46606101;58,273629
0,9;1;10;43,63658374;61,07737825
0,9;1;11;36,82847223;58,38575074
0,9;1;12;36,8109678;58,22994089
0,9;1;13;38,43593398;62,67058907
0,9;1;14;39,4266453;61,85522331
0,9;1;15;38,69819756;62,86535219
0,9;1;16;42,40689174;61,86828301
0,9;1;17;48,04060694;64,53936436
0,9;1;18;38,67267658;68,03077443
0,9;1;19;38,35161981;68,15991356
0,9;1;20;43,76498763;69,85973006
0,9;1;21;33,97501848;65,41793387
0,9;1;22;42,6263643;70,73232943
0,9;1;23;38,43403766;70,75655145
0,9;1;24;38,7546133;68,04397636
0,9;1;25;42,4272812;76,2922744
0,9;1;26;39,07076381;62,85381292
0,9;1;27;38,28540863;70,79274766
0,9;1;28;42,91233233;63,63527291
0,9;1;29;39,48098978;66,38677493
0,9;1;30;46,26263976;68,25291147
0,9;1;31;48,01290624;67,16846559
0,9;1;32;36,28645199;60,92954679
0,9;1;33;39,41812144;66,63754907
0,9;1;34;45,34650603;68,38381466
0,9;1;35;36,92880936;69,92138371
0,9;1;36;36,4585306;72,65641132
0,9;1;37;50,50697032;77,11050768
0,9;1;38;47,29295437;69,30743845
0,9;1;39;52,36737215;69,09577445
0,9;1;40;38,96793356;64,50409506
0,9;1;41;43,95328906;71,71439154
0,9;1;42;47,55021039;69,880439
0,9;1;43;45,67932099;73,51672745
0,9;1;44;48,40524384;75,48032917
0,9;1;45;50,82119296;68,08834282
0,9;1;46;39,86990294;75,25715771
0,9;1;47;48,97882653;75,3776008
0,9;1;48;51,48667491;76,24152397
0,9;1;49;50,72480865;77,20212241
0,9;1;50;40,62642631;66,52316429
0,9;1;51;43,59083747;70,28643676
0,9;1;52;41,62304846;66,27437749
0,9;1;53;43,34197958;70,74374561
0,9;1;54;35,58308133;65,41301155
0,9;1;55;32,31364433;64,41037186
0,9;1;56;37,36537555;64,69318187
0,9;1;57;41,52167895;74,29833234
0,9;1;58;38,13620091;68,16031962
0,9;1;59;56,00226002;73,47211653
0,9;1;60;62,43064989;74,44014972
0,9;1;61;52,14165665;73,524587
0,9;1;62;46,67841151;69,03475376
0,9;1;63;46,33475028;71,2761539
0,9;1;64;52,1607068;75,24541004
0,9;1;65;49,98224547;74,32653992
0,9;1;66;50,12835958;74,30906258
0,9;1;67;48,12303597;75,16586194
0,9;1;68;44,61815698;73,41668093
0,9;1;69;51,51050934;77,26964
0,9;1;70;40,20305663;67,14606717
0,9;1;71;54,13062227;71,00239419
0,9;1;72;48,63399789;78,03340769
0,9;1;73;45,81887411;70,80394379
0,9;1;74;43,53877207;71,64036048
0,9;1;75;50,62271612;76,23111866
0,9;1;76;46,98480977;74,34296258
0,9;1;77;45,44643868;73,47258782
0,9;1;78;57,11846306;75,19692141
0,9;1;79;52,91300211;75,25545168
0,9;2;0;4,485208451;8,399292238
0,9;2;1;5,482832941;10,6703687
0,9;2;2;5,480565351;8,352627838
0,9;2;3;5,673152785;9,237804637
0,9;2;4;7,906855747;13,86590276
0,9;2;5;9,784647115;16,77755365
0,9;2;6;10,34526786;21,03581684
0,9;2;7;11,27081611;24,42278329
0,9;2;8;13,43314346;28,96756155
0,9;2;9;12,5863151;24,77555753
0,9;2;10;13,22615117;25,7264015
0,9;2;11;10,68673867;19,0754152
0,9;2;12;13,10811949;27,8127234
0,9;2;13;17,39750752;27,59689734
0,9;2;14;13,13784143;25,78169332
0,9;2;15;14,56513981;31,77650093
0,9;2;16;13,22656162;24,4790077
0,9;2;17;12,70580936;24,95363687
0,9;2;18;17,84778986;30,89354529
0,9;2;19;21,31328073;40,12497907
0,9;2;20;17,90143243;33,69641527
0,9;2;21;14,6754574;34,13121715
0,9;2;22;13,36203821;21,35979529
0,9;2;23;12,26293095;21,42919729
0,9;2;24;14,56555097;26,36990699
0,9;2;25;18,8865619;28,69487175
0,9;2;26;18,78756576;36,32643809
0,9;2;27;17,99597815;28,90530417
0,9;2;28;19,26833651;30,17285876
0,9;2;29;14,2902081;25,32566391
0,9;2;30;14,11283028;33,4090103
0,9;2;31;19,06513144;38,06398382
0,9;2;32;16,9962601;33,67343893
0,9;2;33;15,15137791;29,17951967
0,9;2;34;16,87498297;30,63175481
0,9;2;35;19,36959795;33,65027021
0,9;2;36;21,14098581;34,82933794
0,9;2;37;17,05286134;28,97676666
0,9;2;38;18,31080543;36,76871473
0,9;2;39;13,81645295;26,02785525
0,9;2;40;13,56329455;24,70531535
0,9;2;41;12,91210575;22,93444517
0,9;2;42;14,69217706;22,96900618
0,9;2;43;16,94455804;28,4637168
0,9;2;44;16,74891966;28,86968209
0,9;2;45;18,47547566;28,89963832
0,9;2;46;15,32914788;29,2869914
0,9;2;47;19,73424111;31,89044777
0,9;2;48;18,6984428;30,91388595
0,9;2;49;20,49564744;32,01164438
0,9;2;50;22,63442948;31,94589031
0,9;2;51;22,52580479;36,83236225
0,9;2;52;22,29930587;36,46049535
0,9;2;53;23,93965008;36,71138314
0,9;2;54;21,21144981;37,80289777
0,9;2;55;19,77567739;35,25129597
0,9;2;56;21,19959438;38,90930766
0,9;2;57;19,63876785;36,2262529
0,9;2;58;19,79937035;34,2321677
0,9;2;59;19,64414666;38,88358069
0,9;2;60;23,2071963;40,26610016
0,9;2;61;23,8845845;42,86388014
0,9;2;62;25,10853044;39,743478
0,9;2;63;23,83290266;41,67424958
0,9;2;64;21,76510199;40,37134801
0,9;2;65;17,716137;29,66021411
0,9;2;66;16,0096914;35,395934
0,9;2;67;18,4449348;34,81297176
0,9;2;68;20,09622441;35,93459068
0,9;2;69;21,08457643;33,46570837
0,9;2;70;18,77735904;33,21282684
0,9;2;71;21,61109552;36,78885167
0,9;2;72;22,59682979;37,26530329
0,9;2;73;19,83674771;34,92432007
0,9;2;74;20,91188057;35,56079714
0,9;2;75;20,55429919;34,31389242
0,9;2;76;20,45155282;35,65440038
0,9;2;77;20,44358062;37,6406178
0,9;2;78;20,82525398;33,64867784
0,9;2;79;21,00000135;36,17121126